{"type":"FeatureCollection","name":"PL_NUTS2_2021","features":[{"type":"Feature","properties":{"NUTS_ID":"PL51","NUTS_NAME":"Dolnośląskie"},"geometry":{"type":"MultiPolygon","coordinates":[[[[16.21222715700003,51.712541549000036],[16.266626595000048,51.670144708000066],[16.28269113500005,51.68779551700004],[16.34936198500003,51.71334478600005],[16.381176271000072,51.764276101000064],[16.416191,51.784864999000035],[16.536963721000063,51.78089611000007],[16.546153970000034,51.76772213700008],[16.575541462000047,51.766232297000045],[16.589884346000076,51.749510059000045],[16.640147728000045,51.74628290000004],[16.64595914000006,51.723559685000055],[16.67863955300004,51.703839919000075],[16.643485704000057,51.68075683500007],[16.646323859000063,51.662092475000065],[16.68737195600005,51.64758870000003],[16.777988890000074,51.64164138500007],[16.772230449000062,51.61669440600008],[16.828372,51.57218799900005],[16.88804529300006,51.57976144500003],[16.924111064000044,51.55512785600007],[16.970073391000028,51.54572428100005],[17.035666133000063,51.55546247600006],[17.056870996000043,51.548079339000026],[17.069536296000024,51.56672426600005],[17.103538737000065,51.574612597000055],[17.131240369000068,51.566367746000026],[17.18737634300004,51.574594672000046],[17.206511633000048,51.56998924800007],[17.21474876700006,51.625143940000044],[17.257433,51.64284299900004],[17.32905240100007,51.64729066500007],[17.449168411000073,51.63041921000007],[17.554099305000022,51.583159927000054],[17.572292794000077,51.56105198800003],[17.57279106200002,51.533720661000075],[17.516146112000058,51.506846290000055],[17.524881281000035,51.46197683200006],[17.548691292000058,51.43865286600004],[17.544900834000032,51.420282917000065],[17.571501804000036,51.40662253900007],[17.637357950000023,51.421639807000076],[17.703912048000063,51.40127752600006],[17.715999417000035,51.405265575000044],[17.721579107000025,51.42050332800005],[17.748562032000052,51.41220330700003],[17.752029139000058,51.402322808000065],[17.734369290000075,51.39643918000007],[17.707811083000024,51.36560267700003],[17.759787654000036,51.31900663300007],[17.761942505000036,51.29958476500008],[17.742939098000022,51.27596808000004],[17.744686497000032,51.245983953000064],[17.765148623000073,51.207385110000075],[17.795269500000074,51.19414599900006],[17.671550511000078,51.16400870400008],[17.61056191600005,51.18503135900005],[17.55198936100004,51.15328436400006],[17.551609290000044,51.14414059600006],[17.571664817000055,51.12692127200006],[17.567938953000066,51.09625029600005],[17.574922167000068,51.08299894700008],[17.524042979000058,51.05688609600003],[17.528726324000047,51.03974221900006],[17.520170903000064,51.01264405400008],[17.535440811000058,50.993180229000075],[17.517167708000045,50.98756479200006],[17.496507761000032,50.99419915400006],[17.502784289000033,50.974710075000075],[17.44004509800004,50.96775133400007],[17.424600226000052,50.914305573000036],[17.36964156500005,50.91839224900008],[17.361097534000066,50.90136918800005],[17.387589055000035,50.89067906400004],[17.392255464000073,50.88020702800003],[17.376785169000073,50.86205821300007],[17.333897155000045,50.84432770600006],[17.33196576100005,50.81912085700003],[17.348086952000074,50.80334733800004],[17.347851840000033,50.793129159000046],[17.277002813000024,50.78629765200003],[17.26861904200007,50.772569469000075],[17.29060162600007,50.74519090000007],[17.224664915000062,50.70821319300006],[17.250573678000023,50.68904956500006],[17.23704852700007,50.66942042100004],[17.23826561000004,50.620935891000045],[17.164896,50.613462999000035],[17.12477861600007,50.60627841300004],[17.069510535000063,50.547966160000044],[17.06414803800004,50.53421905600004],[17.072688799000048,50.518443597000044],[17.05982089400004,50.504644830000075],[17.06056002100007,50.480151883000076],[17.048335157000054,50.46648202000006],[16.959359431000053,50.48572126400006],[16.93753081500006,50.46144633000006],[16.907924500000036,50.44945399900007],[16.882463064000035,50.44062031500005],[16.864934196000036,50.41003449800007],[16.910961779000047,50.38562135900003],[16.945499380000058,50.31851883200005],[17.005639657000074,50.29650649000007],[17.017603877000056,50.27586299600006],[17.005761276000044,50.25208678000007],[17.02481009400003,50.229244047000066],[16.99912586800002,50.219138712000074],[16.97192290000004,50.24163241100007],[16.955042931000037,50.22403675500004],[16.904119497000067,50.223105178000026],[16.88001228400003,50.201467121000064],[16.86327,50.19812299900008],[16.844553572000052,50.20500631600004],[16.81059384400004,50.187735658000065],[16.779849459000047,50.145779729000026],[16.745975800000053,50.13270259800004],[16.70716137200003,50.09828731300007],[16.634136074000025,50.11300266100005],[16.605793771000037,50.13511336100004],[16.58029,50.14278799900006],[16.580544974000077,50.15304103100004],[16.56094561200007,50.16815606800003],[16.55190643800006,50.22438346300004],[16.483296112000062,50.27188413600004],[16.435023729000022,50.32088328300006],[16.41120643200003,50.32370612400007],[16.39156894000007,50.32412210200005],[16.366401376000056,50.347958722000044],[16.359721038000032,50.37727212500005],[16.307572626000024,50.38099202400008],[16.28167756000005,50.370005193000054],[16.24517496900006,50.40913945200003],[16.21404493800003,50.41145397100007],[16.19933561600004,50.43475350400007],[16.20941760200003,50.448334113000044],[16.228761596000027,50.44655162000004],[16.256343272000038,50.47755812100007],[16.29450046900007,50.48207731200006],[16.315501960000063,50.505460706000065],[16.359517913000047,50.502405886000076],[16.396366744000034,50.52792221200008],[16.391082519000065,50.54132776300003],[16.407372146000057,50.549600361000046],[16.41120643200003,50.56926084400004],[16.443687845000056,50.581618855000045],[16.425901492000037,50.60303221000004],[16.41120643200003,50.611700142000075],[16.328510808000033,50.66453458500007],[16.295822679000025,50.66027835700004],[16.237045699000078,50.66935066600007],[16.21516904400005,50.63471540300003],[16.186360700000023,50.62978533900008],[16.16288915100006,50.64763319700006],[16.107318,50.66207299900003],[16.06906060700004,50.63890681100003],[16.05488927300007,50.612490998000055],[16.022730678000073,50.60179831600004],[15.99027532100007,50.613185024000074],[16.010538057000076,50.63061195600005],[15.988458876000038,50.68306513300007],[15.958159153000054,50.69102949900008],[15.866961856000046,50.67435573200004],[15.816829781000024,50.752804955000045],[15.70949805600003,50.738317161000055],[15.60111428700003,50.77599408800006],[15.535267500000032,50.77937599900008],[15.439051736000067,50.807810622000034],[15.396708236000052,50.77902206200008],[15.378363419000038,50.77849663300003],[15.369606008000062,50.79894708100005],[15.372404631000052,50.82464999000007],[15.358764632000032,50.844856367000034],[15.30977606600004,50.86280380900007],[15.279522875000055,50.89021996400004],[15.26884055100004,50.92518374100007],[15.28895958000004,50.95172649600005],[15.271460400000024,50.97720988100008],[15.247043569000027,50.98183478800007],[15.232291026000041,50.99667962500007],[15.180861315000072,50.98434280500004],[15.167680485000062,51.01797611900008],[15.144988178000062,51.01073092000007],[15.127904654000076,50.99226707500003],[15.10720516200007,50.993217024000046],[15.101000725000063,51.010278216000074],[15.063451023000027,51.01966900100007],[15.044187231000024,51.01315526500008],[15.02196663500007,51.02145927500004],[14.98281305100005,51.00702886200003],[14.974287704000062,50.987730174000035],[15.006319334000068,50.98261312000005],[15.017430108000042,50.969131993000076],[15.011918475000073,50.93984445500007],[14.99312128500003,50.921439356000064],[14.997001087000058,50.870306923000044],[14.96110617200003,50.86327282500008],[14.908984013000065,50.87424639500006],[14.823362,50.870550499000046],[14.824218,50.88804780700008],[14.892144563000045,50.93946219000003],[14.901546178000046,50.965938539000035],[14.916824963000067,50.97723825400004],[14.919336693000048,50.99259239500003],[14.96372060400006,51.053509243000065],[14.980520098000056,51.084495135000054],[14.981189156000028,51.11183144600005],[14.995424102000072,51.12531691600003],[14.996383636000076,51.160649102000036],[15.011245909000024,51.207803744000046],[15.033019112000034,51.24430156900007],[15.032059584000024,51.29044341300005],[14.985031401000072,51.33224977200007],[14.974183,51.363949999000056],[15.007842809000067,51.36514576900004],[15.021217298000067,51.39208810900004],[15.071773798000038,51.39932072900007],[15.089176293000037,51.424577921000036],[15.189472099000056,51.46258614200008],[15.199784352000052,51.46039888400003],[15.206298359000073,51.44650535100004],[15.255018316000076,51.44642431400007],[15.32780529300004,51.41012789200005],[15.338391202000025,51.467425010000056],[15.378340825000066,51.473212957000044],[15.36957551300003,51.49983982600003],[15.392419583000049,51.52837206000004],[15.443169580000074,51.52580876400003],[15.47595289700007,51.51487835100005],[15.49475712900005,51.52324842400003],[15.58887022600004,51.47220686900005],[15.585160318000078,51.45457394500005],[15.596714038000073,51.449260406000064],[15.631800397000063,51.47385714300003],[15.657602410000038,51.47775107600006],[15.679771945000027,51.51003242500008],[15.71403250000003,51.51739699900003],[15.710185575000025,51.554429242000026],[15.818515046000073,51.57643686800003],[15.823062356000037,51.61305095800003],[15.850819670000021,51.65368089400005],[15.845488322000051,51.674895409000044],[15.871225542000047,51.71425881700003],[15.895628614000032,51.72745274500005],[15.966670168000064,51.74150183800003],[15.974527203000036,51.76590570900004],[15.986966503000076,51.77577795700006],[15.974602954000034,51.787954798000044],[15.982989462000035,51.79977141300003],[16.019855395000036,51.80084612200005],[16.04086775600007,51.78425654800003],[16.094792362000078,51.76872621700005],[16.168855910000048,51.760936558000026],[16.16896414400003,51.71536728900003],[16.21222715700003,51.712541549000036]]]]}},{"type":"Feature","properties":{"NUTS_ID":"PL52","NUTS_NAME":"Opolskie"},"geometry":{"type":"MultiPolygon","coordinates":[[[[17.84744174800005,51.17905788100006],[17.83481087900003,51.14460972000006],[17.819401705000075,51.13597901000003],[17.82623957900006,51.11946098200008],[17.887726359000055,51.10516172100006],[17.939456,51.10886499900005],[18.042588914000078,51.13289293200006],[18.069401756000047,51.145016328000054],[18.07868827300007,51.16339766700003],[18.103842459000077,51.15583486100007],[18.131579025000065,51.17013823600007],[18.163681500000052,51.17251699900004],[18.187371966000057,51.15833010700004],[18.25685866500004,51.15682330800007],[18.31310021300004,51.135788880000064],[18.36223927800006,51.13756347300006],[18.431958097000063,51.11580509300006],[18.461088698000026,51.11769682900007],[18.485423678000075,51.09262900600004],[18.51614007300003,51.10868760900007],[18.52086094200007,51.13674331200008],[18.54949766900006,51.13772398900005],[18.581320124000058,51.083143207000035],[18.613714703000028,51.07961867600005],[18.64712529600007,51.06007146800005],[18.67295450000006,51.056902499000046],[18.692165594000073,51.01617033900004],[18.66107876800004,51.004199533000076],[18.66115176200003,50.97258270200007],[18.616704827000035,50.95693506200007],[18.626079297000047,50.93736060700007],[18.647165666000035,50.92901035400007],[18.65275373000003,50.91772506700005],[18.615877500000067,50.85358749900007],[18.58373311400004,50.848129888000074],[18.563757285000065,50.83386874900003],[18.55552304400004,50.81056241400006],[18.518718448000072,50.79912045100008],[18.538454702000024,50.77029174200004],[18.564978798000027,50.75279523800003],[18.49091159200003,50.704836932000035],[18.491568433000054,50.68118776100005],[18.52090127100007,50.62879643600007],[18.594939668000052,50.60464749100004],[18.595757216000038,50.57891959600005],[18.610287838000033,50.56467496100004],[18.607473500000026,50.55001099900005],[18.553369076000024,50.54111183100008],[18.478941846000055,50.55178048300007],[18.439390083000035,50.54458607000004],[18.43375101500004,50.53110866700007],[18.448802052000076,50.50154123000004],[18.464457338000045,50.496721999000044],[18.48168478300005,50.470974356000056],[18.478103739000062,50.46059808500007],[18.45675712700006,50.463209395000035],[18.443758150000065,50.47876128400003],[18.382330456000034,50.47919556100004],[18.386769456000025,50.436065787000075],[18.367926048000072,50.42200847000004],[18.391211802000043,50.38976708900003],[18.36160428100004,50.35560604400007],[18.397359707000078,50.33229007500006],[18.40445197400004,50.31910828300005],[18.394366873000024,50.30876072400008],[18.402746410000077,50.27816890500003],[18.422071408000022,50.26949610600008],[18.42586650000004,50.248965499000064],[18.361293027000045,50.25562966000007],[18.30255967200003,50.230561101000035],[18.24802081300004,50.21964072900005],[18.235489907000044,50.192515600000036],[18.13293254900003,50.18186022800006],[18.110882909000054,50.17043849600003],[18.059780500000045,50.17465249900005],[18.054324938000036,50.139717647000055],[18.068203580000045,50.10770710300005],[18.035061,50.06577199900005],[18.009475429000076,50.05381533900004],[18.005752748000077,50.04214434600004],[18.012854572000037,50.033227784000076],[18.04282551500006,50.03442245700006],[18.041088914000056,50.00987572300005],[17.998002685000074,50.01543872000008],[17.955212501000062,50.004069274000074],[17.920794443000034,49.97926757400006],[17.86889200400003,49.97508613600007],[17.830967534000024,49.99380672800004],[17.828549174000045,50.00885228300007],[17.777009320000047,50.02369042600003],[17.753745215000038,50.071685365000064],[17.71503478300002,50.107750991000046],[17.690104949000045,50.11541299800007],[17.67350838400006,50.105831806000026],[17.658633208000026,50.10886254400003],[17.63743011500003,50.13036879800006],[17.610001758000067,50.142443737000065],[17.596832791000054,50.15803227100008],[17.603553481000063,50.16835812200003],[17.69796771700004,50.18461056500007],[17.718254216000048,50.203470580000044],[17.755723,50.20870185200005],[17.761061910000024,50.23620336300007],[17.726552515000037,50.263231923000035],[17.74814639400006,50.298223396000026],[17.711785621000047,50.32210973000008],[17.69061862500007,50.32524633700007],[17.683994736000045,50.29951373400007],[17.620384675000025,50.26833320500003],[17.588134920000073,50.276715644000035],[17.555219799000042,50.27034279600008],[17.503600495000057,50.274631301000056],[17.429605,50.25451299900004],[17.42137187700007,50.273660663000044],[17.388526033000062,50.28172396000008],[17.371358087000033,50.28123884100006],[17.352045850000025,50.266276101000074],[17.343722030000038,50.281987971000035],[17.349732214000028,50.305968705000055],[17.338386280000066,50.325362064000046],[17.29020864200004,50.31849482800004],[17.251192717000038,50.33127408300004],[17.206518285000072,50.36064810800008],[17.19626364000004,50.38649570600006],[17.144668710000076,50.38149146000006],[17.10556765900003,50.40457697800008],[17.058774363000055,50.40612647900008],[16.999388777000036,50.42533680100007],[16.97269087600006,50.42056489000004],[16.907924500000036,50.44945399900007],[16.93753081500006,50.46144633000006],[16.959359431000053,50.48572126400006],[17.048335157000054,50.46648202000006],[17.06056002100007,50.480151883000076],[17.05982089400004,50.504644830000075],[17.072688799000048,50.518443597000044],[17.06414803800004,50.53421905600004],[17.069510535000063,50.547966160000044],[17.12477861600007,50.60627841300004],[17.164896,50.613462999000035],[17.23826561000004,50.620935891000045],[17.23704852700007,50.66942042100004],[17.250573678000023,50.68904956500006],[17.224664915000062,50.70821319300006],[17.29060162600007,50.74519090000007],[17.26861904200007,50.772569469000075],[17.277002813000024,50.78629765200003],[17.347851840000033,50.793129159000046],[17.348086952000074,50.80334733800004],[17.33196576100005,50.81912085700003],[17.333897155000045,50.84432770600006],[17.376785169000073,50.86205821300007],[17.392255464000073,50.88020702800003],[17.387589055000035,50.89067906400004],[17.361097534000066,50.90136918800005],[17.36964156500005,50.91839224900008],[17.424600226000052,50.914305573000036],[17.44004509800004,50.96775133400007],[17.502784289000033,50.974710075000075],[17.496507761000032,50.99419915400006],[17.517167708000045,50.98756479200006],[17.535440811000058,50.993180229000075],[17.520170903000064,51.01264405400008],[17.528726324000047,51.03974221900006],[17.524042979000058,51.05688609600003],[17.574922167000068,51.08299894700008],[17.567938953000066,51.09625029600005],[17.571664817000055,51.12692127200006],[17.551609290000044,51.14414059600006],[17.55198936100004,51.15328436400006],[17.61056191600005,51.18503135900005],[17.671550511000078,51.16400870400008],[17.795269500000074,51.19414599900006],[17.832223414000055,51.191599265000036],[17.84744174800005,51.17905788100006]]]]}},{"type":"Feature","properties":{"NUTS_ID":"PL21","NUTS_NAME":"Małopolskie"},"geometry":{"type":"MultiPolygon","coordinates":[[[[19.980164330000036,50.51764440100004],[20.033276904000047,50.503036628000075],[20.066098917000033,50.508666411000036],[20.10655925700007,50.487887941000054],[20.20291545300006,50.49339139400007],[20.26290831500006,50.47035974000005],[20.267924535000077,50.43174864100007],[20.330605646000038,50.36208703600005],[20.299937389000036,50.34835141800005],[20.29798656400004,50.32770507400005],[20.327958753000075,50.31437471900006],[20.35419983500003,50.28399339500004],[20.339343410000026,50.26741533300003],[20.384919267000043,50.24119842200008],[20.381533194000042,50.21647092000006],[20.42354325200006,50.195129630000054],[20.473493094000048,50.19776768600008],[20.515203400000075,50.18849394700004],[20.55992616900005,50.19737533000006],[20.575491318000047,50.18991921500003],[20.637572625000075,50.20970195800004],[20.681539,50.20587549900006],[20.685270057000025,50.21498367100003],[20.726007913000046,50.231850888000054],[20.73201178200003,50.25178282600007],[20.787512975000027,50.286475832000065],[20.836381345000063,50.27574481000005],[20.85593825600006,50.29375466700003],[20.893521658000054,50.304113536000045],[20.931614423000042,50.29937496300005],[20.953518597000027,50.31369799400005],[21.055871638000042,50.317024487000026],[21.133282103000056,50.35216180700007],[21.152203446000044,50.350767844000075],[21.176430008000068,50.33183845500008],[21.19078262900007,50.34955069400007],[21.20883150000003,50.35489749900006],[21.219496138000068,50.31203088900003],[21.188566997000066,50.29963635900003],[21.149416879000057,50.258111721000034],[21.168719536000026,50.24056027200004],[21.146867602000043,50.23569828700005],[21.169172278000076,50.20644989900006],[21.16699043400007,50.17309900200007],[21.155384019000053,50.15067073700004],[21.163634340000044,50.13992367600008],[21.151329935000035,50.13101264800008],[21.182057162000035,50.120177700000056],[21.185767602000055,50.09995377900003],[21.166750730000047,50.088169092000044],[21.17432170400008,50.07589878400006],[21.149248619000048,50.051245418000065],[21.189567684000053,50.02755399500006],[21.15443416900007,50.00072753500007],[21.150608168000076,49.98291728000004],[21.16451010000003,49.94791724900006],[21.181286967000062,49.93048542300005],[21.28037181700006,49.92437505000004],[21.28628950500007,49.91084224300005],[21.281110230000024,49.89665414800004],[21.229531586000064,49.88340278800007],[21.227078582000047,49.85555670800005],[21.25289777000006,49.842425321000064],[21.297149500000046,49.84286399900003],[21.33462104000006,49.825940444000025],[21.339409990000036,49.81187094300003],[21.309743128000036,49.79788537200005],[21.277784084000075,49.80201553000006],[21.241772,49.77610449900004],[21.259721840000054,49.75437422500005],[21.313104345000056,49.74442107200008],[21.328089207000062,49.718110909000075],[21.324270931000058,49.70078879400006],[21.345067330000063,49.68985145200003],[21.344148387000075,49.661103034000064],[21.360404152000058,49.635339748000035],[21.33176288900006,49.59218589000005],[21.375123796000025,49.56902424900005],[21.364410504000034,49.54452668500005],[21.383753745000035,49.53388185800003],[21.39020621800006,49.51638085400003],[21.414546508000058,49.49725703400003],[21.39378002600006,49.48576127200005],[21.406542958000045,49.468677350000064],[21.39483524800005,49.45256809600005],[21.39771250000007,49.433793999000045],[21.27820841700003,49.45747984600007],[21.236018224000077,49.43523786800006],[21.201051817000064,49.40346945300007],[21.180218919000026,49.40552933500004],[21.126166025000032,49.43257467500007],[21.064629122000042,49.42241526600003],[21.055836037000063,49.40856577300008],[21.094099351000068,49.381230455000036],[21.095631612000034,49.37141242800004],[21.040971223000042,49.36137511100003],[20.997211228000026,49.33054359800008],[20.984318777000055,49.30948528600004],[20.93231383400007,49.299197571000036],[20.86493924000007,49.343206689000056],[20.83317347800005,49.336461737000036],[20.808264270000052,49.34487590400005],[20.763545544000067,49.37641005200004],[20.731295252000052,49.41532255300007],[20.694192693000048,49.41784016200006],[20.649949459000027,49.404464387000075],[20.614939500000048,49.41783299900004],[20.607211864000078,49.40404841900005],[20.598512113000027,49.38852977700003],[20.569626065000023,49.37741357600004],[20.55992616900005,49.38096714100004],[20.462463101000026,49.41507069900007],[20.438559933000022,49.41533956200004],[20.427067217000058,49.39928573600008],[20.400787824000076,49.39367765500003],[20.373782806000065,49.40374532100003],[20.331165863000024,49.40057219600004],[20.32253094500004,49.358170517000076],[20.315038229000038,49.34882636300006],[20.21969672800003,49.34839432100006],[20.176151881000067,49.326835998000035],[20.16345689700006,49.30979241600005],[20.144264332000034,49.31126972200008],[20.10167756000004,49.246638559000075],[20.082183591000046,49.18270684500004],[20.025141389000055,49.20156299200005],[20.001571230000025,49.221853252000074],[19.977432572000055,49.23030487900007],[19.914442122000025,49.230902564000075],[19.883929500000022,49.204176999000026],[19.84547427600006,49.19478219700005],[19.763521808000064,49.209717633000025],[19.76969169700004,49.23709034700005],[19.795770040000036,49.26774512500003],[19.81923396700006,49.27966536500003],[19.79590330600007,49.30066875300008],[19.80218956500005,49.362542079000036],[19.788732467000045,49.407522948000064],[19.75605680700005,49.409915073000036],[19.720585033000077,49.389442572000064],[19.636628939000047,49.41115572800004],[19.645087199000045,49.43224803600003],[19.639453531000072,49.45467523700006],[19.61379812900003,49.44923157900007],[19.577818164000064,49.460437581000065],[19.533603182000036,49.532571638000036],[19.52743240600006,49.57098892400006],[19.476995384000077,49.590386108000075],[19.467386500000032,49.61376699900006],[19.478606370000023,49.62775528100008],[19.470749515000023,49.666565512000034],[19.445814848000055,49.67865312400005],[19.395235052000032,49.67850952800006],[19.38010619000005,49.69250492100008],[19.443303284000024,49.736668089000034],[19.438521800000046,49.753328114000055],[19.41495150000003,49.77526499900006],[19.401570220000053,49.76387552600005],[19.321323118000066,49.77767303400003],[19.288629872000058,49.81818589400007],[19.28867838800005,49.850890701000026],[19.212003465000066,49.86997097200003],[19.17555334700006,49.85556867300005],[19.16040053100005,49.86453738300003],[19.194013277000067,49.89073919100008],[19.186318366000023,49.949411904000044],[19.12042979100005,49.93973489200005],[19.09321,49.95665899900007],[19.118487462000076,49.96656193100006],[19.118375420000064,50.003343640000026],[19.15586416000008,50.04859735600007],[19.219801020000034,50.06529433400004],[19.215915421000034,50.07941399100008],[19.253810500000043,50.13419299900005],[19.26575614500007,50.12037249200006],[19.279477233000023,50.14125329500007],[19.34042964500003,50.14996565100006],[19.344409547000055,50.18764934600006],[19.42193059300007,50.21383755800008],[19.419437904000063,50.22846003700005],[19.352127110000026,50.246503336000046],[19.335760237000045,50.25853712500003],[19.387357785000063,50.28106338200007],[19.418179860000066,50.32641781800004],[19.478977067000073,50.32689431400007],[19.48347092100005,50.347680497000056],[19.47068143200005,50.36581427400006],[19.48649548800006,50.37123561400006],[19.492197086000033,50.39491834300003],[19.51461441200007,50.41186008300008],[19.644039322000026,50.41116164300007],[19.70670922000005,50.44416339300005],[19.844537500000058,50.434195499000054],[19.858175084000038,50.44708324800007],[19.89543479300005,50.45384474300005],[19.903365146000056,50.47253298100003],[19.91667084100004,50.473356728000056],[19.966273774000058,50.476427612000066],[19.949966500000073,50.504782499000044],[19.980164330000036,50.51764440100004]],[[19.34824354400007,50.17515050600008],[19.367714969000076,50.169276798000055],[19.371677616000056,50.18209747800006],[19.352946133000046,50.180394711000076],[19.34824354400007,50.17515050600008]]]]}},{"type":"Feature","properties":{"NUTS_ID":"PL22","NUTS_NAME":"Śląskie"},"geometry":{"type":"MultiPolygon","coordinates":[[[[19.000743406000026,51.07174830300005],[19.019276992000073,51.05246675400008],[19.050293689000057,51.04147195300004],[19.053512787000045,51.026986444000045],[19.088768729000037,51.03260658000005],[19.12107290700004,51.00330346900006],[19.141707542000063,51.009489114000075],[19.212003465000066,50.98549107000008],[19.23840247100003,50.991338118000044],[19.249188900000036,51.00215664900003],[19.243142500000033,51.03684449900004],[19.320220472000074,51.04307768400008],[19.328333104000023,51.01785692300007],[19.359975339000073,50.99650030400005],[19.398647312000037,50.99337767000003],[19.460285932000033,50.928561424000065],[19.467295340000078,50.89873460800004],[19.481535953000048,50.884337955000035],[19.511421003000066,50.88416550300008],[19.576044357000058,50.904107639000074],[19.614812914000026,50.88066416000004],[19.652926067000067,50.874235070000054],[19.66710875800004,50.85384439000006],[19.688394480000056,50.84556641200004],[19.727235824000047,50.84519435800007],[19.74706,50.86596999900007],[19.80566232800004,50.844856367000034],[19.825000215000046,50.82815178800007],[19.81823352600003,50.80792783100003],[19.78931005000004,50.81521374300007],[19.782003864000046,50.79916256700005],[19.785843405000037,50.783025328000065],[19.74774848800007,50.75997374000008],[19.730242786000076,50.76650564800008],[19.71138202900005,50.759187335000036],[19.712949500000036,50.72915599900006],[19.754498342000034,50.71795605900007],[19.802429681000035,50.71699226800007],[19.865492207000045,50.69089685400007],[19.86183001300003,50.67207549300008],[19.84328567700004,50.65451836400007],[19.90564209400003,50.64093746300006],[19.90896768400006,50.63059984600005],[19.894971858000076,50.618674258000055],[19.858612665000066,50.61559311000008],[19.79842581400004,50.559284423000065],[19.89413733400005,50.53913619900004],[19.91667084100004,50.513199642000075],[19.949966500000073,50.504782499000044],[19.966273774000058,50.476427612000066],[19.91667084100004,50.473356728000056],[19.903365146000056,50.47253298100003],[19.89543479300005,50.45384474300005],[19.858175084000038,50.44708324800007],[19.844537500000058,50.434195499000054],[19.70670922000005,50.44416339300005],[19.644039322000026,50.41116164300007],[19.51461441200007,50.41186008300008],[19.492197086000033,50.39491834300003],[19.48649548800006,50.37123561400006],[19.47068143200005,50.36581427400006],[19.48347092100005,50.347680497000056],[19.478977067000073,50.32689431400007],[19.418179860000066,50.32641781800004],[19.387357785000063,50.28106338200007],[19.335760237000045,50.25853712500003],[19.352127110000026,50.246503336000046],[19.419437904000063,50.22846003700005],[19.42193059300007,50.21383755800008],[19.344409547000055,50.18764934600006],[19.34042964500003,50.14996565100006],[19.279477233000023,50.14125329500007],[19.26575614500007,50.12037249200006],[19.253810500000043,50.13419299900005],[19.215915421000034,50.07941399100008],[19.219801020000034,50.06529433400004],[19.15586416000008,50.04859735600007],[19.118375420000064,50.003343640000026],[19.118487462000076,49.96656193100006],[19.09321,49.95665899900007],[19.12042979100005,49.93973489200005],[19.186318366000023,49.949411904000044],[19.194013277000067,49.89073919100008],[19.16040053100005,49.86453738300003],[19.17555334700006,49.85556867300005],[19.212003465000066,49.86997097200003],[19.28867838800005,49.850890701000026],[19.288629872000058,49.81818589400007],[19.321323118000066,49.77767303400003],[19.401570220000053,49.76387552600005],[19.41495150000003,49.77526499900006],[19.438521800000046,49.753328114000055],[19.443303284000024,49.736668089000034],[19.38010619000005,49.69250492100008],[19.395235052000032,49.67850952800006],[19.445814848000055,49.67865312400005],[19.470749515000023,49.666565512000034],[19.478606370000023,49.62775528100008],[19.467386500000032,49.61376699900006],[19.44923742900005,49.61170996700008],[19.438139699000033,49.59869819200003],[19.37544102800007,49.56741030300003],[19.36124667300004,49.538254590000065],[19.261938394000026,49.52987093300004],[19.23766501600005,49.51092370600003],[19.22318045000003,49.474660537000034],[19.225381151000022,49.45920534600003],[19.212003465000066,49.45062026900007],[19.190151985000057,49.438083207000034],[19.188195192000023,49.412028289000034],[19.117846223000072,49.40383702500003],[19.076866014000075,49.416844954000055],[19.029751498000053,49.395640134000075],[18.980659699000057,49.39700330800008],[18.971571339000036,49.410409145000074],[18.985775858000068,49.43097123000007],[18.963318679000054,49.45944986200004],[18.968355822000035,49.50416332800006],[18.93660885500003,49.51854133100005],[18.851551,49.51718899900004],[18.841208892000054,49.526549094000075],[18.856963292000046,49.54773456700008],[18.838688887000046,49.564508395000075],[18.83289661300006,49.586216758000035],[18.803311561000044,49.67788421600005],[18.77783421600003,49.68404251100003],[18.740114917000028,49.67894543400007],[18.71782584700003,49.685965785000064],[18.70437701000003,49.70412208000005],[18.652981702000034,49.70967639500003],[18.629098144000068,49.723071556000036],[18.62691140800007,49.74553665700006],[18.571746936000068,49.82905199600003],[18.60025615400002,49.86001473600004],[18.569419271000072,49.87994427400008],[18.575724,49.91042299900005],[18.570271091000052,49.91902191400004],[18.546986875000073,49.92254043100007],[18.533915617000048,49.901653381000074],[18.496948967000037,49.904166341000064],[18.426650008000024,49.93642993600008],[18.342217643000026,49.94520390900004],[18.341109467000024,49.93049153800007],[18.315950696000073,49.91864719100005],[18.284837467000045,49.93475826000008],[18.274233836000064,49.96320559900005],[18.220894272000066,49.97006202400007],[18.204946263000068,49.995065870000076],[18.17671224700007,49.99900192200005],[18.15674939400003,49.984781475000034],[18.11094653500004,49.99820504100006],[18.084603781000055,50.04389065000004],[18.035061,50.06577199900005],[18.068203580000045,50.10770710300005],[18.054324938000036,50.139717647000055],[18.059780500000045,50.17465249900005],[18.110882909000054,50.17043849600003],[18.13293254900003,50.18186022800006],[18.235489907000044,50.192515600000036],[18.24802081300004,50.21964072900005],[18.30255967200003,50.230561101000035],[18.361293027000045,50.25562966000007],[18.42586650000004,50.248965499000064],[18.422071408000022,50.26949610600008],[18.402746410000077,50.27816890500003],[18.394366873000024,50.30876072400008],[18.40445197400004,50.31910828300005],[18.397359707000078,50.33229007500006],[18.36160428100004,50.35560604400007],[18.391211802000043,50.38976708900003],[18.367926048000072,50.42200847000004],[18.386769456000025,50.436065787000075],[18.382330456000034,50.47919556100004],[18.443758150000065,50.47876128400003],[18.45675712700006,50.463209395000035],[18.478103739000062,50.46059808500007],[18.48168478300005,50.470974356000056],[18.464457338000045,50.496721999000044],[18.448802052000076,50.50154123000004],[18.43375101500004,50.53110866700007],[18.439390083000035,50.54458607000004],[18.478941846000055,50.55178048300007],[18.553369076000024,50.54111183100008],[18.607473500000026,50.55001099900005],[18.610287838000033,50.56467496100004],[18.595757216000038,50.57891959600005],[18.594939668000052,50.60464749100004],[18.52090127100007,50.62879643600007],[18.491568433000054,50.68118776100005],[18.49091159200003,50.704836932000035],[18.564978798000027,50.75279523800003],[18.538454702000024,50.77029174200004],[18.518718448000072,50.79912045100008],[18.55552304400004,50.81056241400006],[18.563757285000065,50.83386874900003],[18.58373311400004,50.848129888000074],[18.615877500000067,50.85358749900007],[18.65275373000003,50.91772506700005],[18.647165666000035,50.92901035400007],[18.626079297000047,50.93736060700007],[18.616704827000035,50.95693506200007],[18.66115176200003,50.97258270200007],[18.66107876800004,51.004199533000076],[18.692165594000073,51.01617033900004],[18.67295450000006,51.056902499000046],[18.85705622300003,51.072914569000034],[18.889546805000066,51.06062581500004],[18.923335473000066,51.095883281000056],[19.000743406000026,51.07174830300005]]],[[[19.371677616000056,50.18209747800006],[19.367714969000076,50.169276798000055],[19.34824354400007,50.17515050600008],[19.352946133000046,50.180394711000076],[19.371677616000056,50.18209747800006]]]]}},{"type":"Feature","properties":{"NUTS_ID":"PL92","NUTS_NAME":"Mazowiecki regionalny"},"geometry":{"type":"MultiPolygon","coordinates":[[[[21.612969233000058,53.43610497900005],[21.67219076400005,53.36781259000003],[21.664527484000075,53.340615194000065],[21.71784143600007,53.31508497000004],[21.70922196500004,53.30847036500006],[21.66285479900006,53.30844445100007],[21.64412750100007,53.259187903000054],[21.698259665000023,53.16825119300006],[21.705819598000062,53.133088533000034],[21.73897361300004,53.11318119400005],[21.810031166000044,53.10873557300005],[21.873303348000036,53.06309713100006],[21.92864030800007,53.07037745700006],[21.926036495000062,53.04557454800005],[21.899577489000023,53.03757770800007],[21.887049103000038,53.01355624900003],[21.925155526000026,52.98961677200003],[21.99779361800006,52.966297276000034],[22.018217667000044,52.938450283000066],[22.000320626000075,52.91607153900003],[22.00510928800003,52.89276176200008],[22.030328675000078,52.87843915600007],[22.047398716000032,52.85277711300006],[22.146286237000027,52.84777702300005],[22.19892419300004,52.85669109500003],[22.219563970000024,52.88047279300008],[22.277607284000055,52.87971719700005],[22.29916250900004,52.84594859900005],[22.25326156400007,52.82709848400003],[22.280446227000027,52.786772453000026],[22.300094288000025,52.774312673000054],[22.311271528000077,52.75057167800003],[22.33239377500007,52.747668737000026],[22.34625373600005,52.77185799000006],[22.37611957000007,52.779383092000046],[22.388670004000062,52.792386117000035],[22.450967843000058,52.78499860200003],[22.45638145500004,52.76814772300003],[22.438397872000053,52.69359519300008],[22.459068622000075,52.642452854000055],[22.443781818000048,52.62430263200008],[22.408589,52.60968999900007],[22.455760246000068,52.58497199800007],[22.521057709000047,52.524424096000075],[22.513147570000058,52.48298589700005],[22.53052591000005,52.465249991000064],[22.549864180000043,52.46416802500005],[22.545088392000025,52.42490382200003],[22.581813745000034,52.39645751300003],[22.702202902000067,52.39180825500006],[22.72558282500006,52.37140820400003],[22.75960683200003,52.37997913400005],[22.847112993000053,52.36114903200007],[22.944540201000052,52.36967780700007],[22.994867703000068,52.336694574000035],[23.042460770000048,52.32360872300006],[23.060359576000053,52.28578895000004],[23.10731848200004,52.295527684000035],[23.128409,52.28784149900008],[23.080546265000066,52.23935180500007],[23.03417085500007,52.21725602200007],[23.033322867000038,52.19747544900008],[23.04902883400007,52.176751566000064],[22.983697394000046,52.17234627900007],[22.97980616500007,52.157801766000034],[22.94457757400005,52.14122011100005],[22.93739457500004,52.13783916400007],[22.96360756100006,52.11627947300008],[22.959288437000055,52.109264178000046],[22.89852913200008,52.104581791000044],[22.891092335000053,52.09222027200008],[22.904127758000072,52.07507788000004],[22.900743318000025,52.06648143900003],[22.851064545000042,52.06841664800004],[22.82754548500003,52.08058872500004],[22.785752090000074,52.07148768300004],[22.752349346000074,52.093456436000054],[22.72558282500006,52.103488033000076],[22.694376187000046,52.11518370400006],[22.652379735000068,52.09245173800008],[22.666680206000024,52.07295011300005],[22.662349686000027,52.04368352500006],[22.62290150000007,52.018744499000036],[22.60345535500005,52.03590617700007],[22.558092126000076,52.042033520000075],[22.512734178000073,52.06660797600006],[22.493750743000078,52.067076385000064],[22.43266506200007,52.018715246000056],[22.38204053900006,52.01517579400007],[22.347874734000072,51.99848337600008],[22.32385623500005,52.006723211000065],[22.32163510600003,52.03275481600008],[22.306870563000075,52.03673649800004],[22.255655970000078,52.006778444000076],[22.156200099000046,52.02618867900003],[22.136160808000056,52.007531318000076],[22.11038405900007,52.00235001300007],[22.035821187000067,52.02090019900004],[21.96923227800005,51.99130506000006],[21.938013717000047,51.99195037700008],[21.89252755800004,51.97591488100005],[21.868546386000048,51.94536810100004],[21.90854408900003,51.88785161200008],[21.88587814600004,51.85802371600005],[21.847911212000042,51.843934997000076],[21.862492132000057,51.83178742300004],[21.923335294000026,51.83538876400007],[21.941845483000066,51.822610585000064],[21.950347015000034,51.795580321000045],[21.92844068000005,51.78021698300006],[21.866118207000056,51.766739579000046],[21.839196318000063,51.747254534000035],[21.89712327600006,51.70153909000004],[21.875026810000065,51.67900154700004],[21.845996296000067,51.669425998000065],[21.831608920000065,51.65012432200007],[21.823561940000047,51.648881034000055],[21.76428884300003,51.63972312300007],[21.74575823500004,51.61460844700008],[21.72999420700006,51.61877321000003],[21.718633615000044,51.63519326800008],[21.648614285000065,51.65846368500007],[21.638733126000034,51.652481187000035],[21.63709679400006,51.62726503600004],[21.61554250000006,51.61756199900003],[21.66287582800004,51.58192467100008],[21.689762615000063,51.57278370000006],[21.819443875000047,51.55988207100006],[21.823561940000047,51.553748969000026],[21.850802162000036,51.51317965700008],[21.852129613000045,51.48648364100006],[21.86695376700004,51.47116633200005],[21.842095079000046,51.42492679800006],[21.823561940000047,51.424796306000076],[21.801305021000076,51.42463959600008],[21.766100292000033,51.401959402000045],[21.809058203000063,51.37765204300007],[21.823561940000047,51.37613570900004],[21.836022270000058,51.37483300900004],[21.847270257000048,51.35871683700003],[21.823561940000047,51.31286187100005],[21.82051713000004,51.30697281300007],[21.799200623000047,51.29338047200008],[21.823561940000047,51.284321068000054],[21.84614795400006,51.27592185700007],[21.823561940000047,51.26021549200004],[21.81428116400008,51.253761619000045],[21.81093633000006,51.22884127700007],[21.787742690000073,51.19118481400005],[21.802998,51.07207899900004],[21.788226604000045,51.067146800000046],[21.771778851000022,51.04436501200007],[21.754095633000077,51.03938306100008],[21.707583343000067,51.04423932900005],[21.67602491100007,51.07538376200006],[21.632947598000044,51.07401493300006],[21.630164500000035,51.06338899900004],[21.548954839000032,51.05045813700008],[21.515758164000033,51.05792046500005],[21.488480115000073,51.02147365600007],[21.463647151000032,51.014640873000076],[21.386612058000026,51.04039428700003],[21.38073616300005,51.056536004000066],[21.357363692000035,51.067956751000054],[21.347796236000022,51.08399235300004],[21.160414306000064,51.081154318000074],[21.153656054000066,51.124917606000054],[21.095271014000048,51.15661699700007],[21.115582481000047,51.18945929000006],[21.10473144100007,51.20164391000003],[21.077983886000027,51.208932169000036],[21.058442829000057,51.161173534000056],[21.00686866800004,51.14689296100005],[20.998260920000064,51.148071034000054],[20.992309384000066,51.16254835600006],[20.922424679000073,51.19319007300004],[20.87946967000005,51.15696117300007],[20.825853675000076,51.17661176800004],[20.81308735700003,51.166002512000034],[20.818462621000037,51.15495217800003],[20.810233679000078,51.14769174000003],[20.774813008000024,51.148326902000065],[20.724550849000025,51.17083030200007],[20.691568286000063,51.151150149000046],[20.687252602000058,51.17080164600003],[20.700471046000075,51.18740834000005],[20.69447985100004,51.19835946100005],[20.604045407000058,51.24521728700006],[20.55992616900005,51.23655054300008],[20.544451525000056,51.23351071700006],[20.52961798800004,51.26034696900007],[20.531703288000074,51.27289902700005],[20.50697604100003,51.28494464600004],[20.498012998000036,51.29937889100006],[20.49765259700007,51.30687072000006],[20.51420730500007,51.314582836000056],[20.509269286000062,51.32735464000007],[20.432815,51.33940499900007],[20.42430481300005,51.36543298400005],[20.448390563000032,51.408382276000054],[20.483555720000027,51.413739699000075],[20.490173378000065,51.44082260000005],[20.522628268000062,51.45712133900008],[20.527643289000025,51.468892777000065],[20.516454038000063,51.507232920000035],[20.474857748000034,51.500189453000075],[20.452798605000055,51.50774144400003],[20.465301512000053,51.56272523900003],[20.45914427200006,51.571654770000066],[20.437705058000063,51.57534864400003],[20.419792649000044,51.60495957400008],[20.42489050000006,51.61161949900003],[20.41234733600004,51.63224906500005],[20.385006,51.64160999900008],[20.403779461000056,51.67116207300006],[20.460631058000047,51.692298642000026],[20.506057191000025,51.68431136800007],[20.532120212000052,51.66760013700008],[20.55992616900005,51.663850016000026],[20.624943640000026,51.66421883400005],[20.647204656000042,51.68085028300004],[20.650887234000038,51.71576994800006],[20.64592445100004,51.726552523000066],[20.589784850000058,51.754607055000065],[20.579035943000065,51.81143998700003],[20.609228187000042,51.82843960100007],[20.58735966300003,51.862349480000034],[20.55992616900005,51.88533159500008],[20.491141276000064,51.89543340400007],[20.477816808000057,51.92491313100004],[20.445311066000045,51.93844418300006],[20.384293374000038,51.93643313300004],[20.319749727000044,51.91585477700005],[20.298453907000066,51.93475783900004],[20.248612863000062,51.93712313700007],[20.248384139000052,51.95060785100003],[20.27417134700005,51.97131981500007],[20.253320166000037,51.99934682800006],[20.208269866000023,52.023563703000036],[20.246465743000044,52.05373675300007],[20.251243960000068,52.071272769000075],[20.26657166700005,52.084592099000076],[20.261931636000043,52.10357884700005],[20.245312816000023,52.11600831800007],[20.19422664500007,52.120499023000036],[20.165204206000055,52.14122011100005],[20.15535916300007,52.14824915600008],[20.09555153900004,52.154091304000076],[20.066088743000023,52.19098566500003],[20.071176095000055,52.23525382100007],[20.029678026000056,52.258625176000066],[19.970132498000055,52.26888783900006],[19.936101,52.29973349900007],[19.91667084100004,52.30355058300006],[19.888957641000047,52.308994882000036],[19.867644679000023,52.29525577700008],[19.867578640000033,52.28285132500008],[19.849143812000023,52.27411290900005],[19.805210833000046,52.281094978000056],[19.741952251000043,52.25983423100007],[19.701572831000078,52.27603443400005],[19.681625516000054,52.25837904700006],[19.641129539000076,52.25630299200003],[19.611722431000032,52.287444107000056],[19.518668193000053,52.30618006900005],[19.496892375000073,52.31955119200006],[19.496984182000062,52.333874937000076],[19.454003991000036,52.347946258000036],[19.423627732000057,52.33823445000007],[19.326857131000054,52.34899821300007],[19.323807801000044,52.36325870400003],[19.298813523000035,52.37177991600004],[19.304270192000047,52.38509848700005],[19.289184500000033,52.39271249900003],[19.29036995200005,52.42476972600008],[19.272330745000033,52.44216499400005],[19.317985428000043,52.452356277000035],[19.380621847000043,52.509655413000075],[19.37829021500005,52.51828561500008],[19.353258745000062,52.52716267400007],[19.345884199000068,52.56184789400004],[19.387064937000048,52.575264710000056],[19.418794452000043,52.605124414000045],[19.376426628000047,52.63299096900005],[19.436993726000026,52.67789751300006],[19.44782380600003,52.71960179100006],[19.511338712000054,52.712224426000034],[19.50463482200007,52.73070182500004],[19.514827796000077,52.746488611000075],[19.499484272000075,52.767038478000075],[19.428100006000022,52.82132418400005],[19.42936597000005,52.82709848400003],[19.43170862100004,52.83778375600008],[19.49848225900007,52.86874469500003],[19.444664,52.93904249900004],[19.535905228000047,52.94240916000007],[19.574409383000045,52.95962216100003],[19.579171934000044,52.98242005800006],[19.659912133000034,52.961888402000056],[19.684806,52.96303899900005],[19.673773864000054,52.98036518400005],[19.669180116000064,52.98757975700005],[19.68287071000003,53.02293286200006],[19.655327791000047,53.04265976800008],[19.64753378000006,53.060520507000035],[19.656493297000054,53.07047801400006],[19.63685892700005,53.10802721700003],[19.671309954000037,53.10891915500008],[19.706944923000037,53.12266374600006],[19.72455211600004,53.14063096800004],[19.761595500000055,53.151796499000056],[19.833264378000024,53.14510744300003],[19.83595488700007,53.179457555000056],[19.899617187000047,53.20985945700005],[19.914488965000032,53.20214138800003],[19.91667084100004,53.17491490100008],[19.977781893000042,53.145608336000066],[20.029386315000067,53.14794465600005],[20.099047169000073,53.167122300000074],[20.142672220000065,53.14270879600008],[20.173364613000047,53.154484152000066],[20.299049291000074,53.14045012500003],[20.35125049800007,53.14916763600007],[20.33813667100003,53.16393405700006],[20.37618420900003,53.179481235000026],[20.411137,53.21416499900005],[20.43660152700005,53.23058831800006],[20.45646457600003,53.243398970000044],[20.502742453000053,53.23058831800006],[20.521112109000057,53.22550322600006],[20.554928003000043,53.22679160900003],[20.55992616900005,53.229572259000065],[20.61880300400003,53.25076983100007],[20.653906781000046,53.254251245000034],[20.675954,53.26952949900004],[20.694749096000066,53.299511503000076],[20.71936742400004,53.309425747000034],[20.74051012900003,53.306977148000044],[20.747848004000048,53.31495780000006],[20.846844172000033,53.295416300000056],[20.875794417000066,53.31896124600007],[20.90382908500004,53.31321673400004],[20.91753754700005,53.32994585300003],[20.914748872000075,53.34455728300003],[20.939301580000063,53.357494821000046],[20.995320451000055,53.35900803700008],[21.060236281000073,53.33665908800003],[21.245766365000065,53.417757212000026],[21.277099384000053,53.42449166100005],[21.293107919000022,53.413822449000065],[21.309162677000074,53.421647902000075],[21.351513453000052,53.416844895000054],[21.41683325100007,53.42941970700008],[21.43720243300004,53.43939184700008],[21.437915071000077,53.46278992100008],[21.48976790200004,53.47221022400004],[21.51629882000003,53.476685030000056],[21.55169,53.47812799900004],[21.56579047200006,53.48079463500005],[21.612953,53.48083349900003],[21.60599581200006,53.465227586000026],[21.612969233000058,53.43610497900005]],[[20.718978938000078,52.617253531000074],[20.709598793000055,52.59180651200006],[20.661945236000065,52.59383232500005],[20.656010972000047,52.582393196000055],[20.610922579000032,52.56801088600008],[20.617890921000026,52.530382072000066],[20.584634865000055,52.50675998500003],[20.571989204000033,52.467157256000064],[20.55992616900005,52.46635384400008],[20.53980555000004,52.46501378700003],[20.489056611000024,52.44415014500004],[20.484118249000062,52.43383697400003],[20.492058419000045,52.42033216800007],[20.404814,52.38434249900007],[20.403999300000066,52.374119138000026],[20.420815275000052,52.36214466200005],[20.421223516000055,52.33475541000007],[20.383653179000078,52.320434042000045],[20.381208137000044,52.311481369000035],[20.394459263000044,52.30468005400007],[20.38200543100004,52.297068704000026],[20.32953896600003,52.28545281400005],[20.340334469000027,52.24361350400005],[20.377472148000038,52.233516318000056],[20.40787779900006,52.24315696300005],[20.418001140000058,52.22004276800004],[20.440794308000022,52.23912693800003],[20.486999576000073,52.23458961400007],[20.489497393000022,52.200181576000034],[20.482243397000047,52.17869505900006],[20.41491437600007,52.192142508000074],[20.398132178000026,52.166397044000064],[20.41089640100006,52.15816979400006],[20.412869553000064,52.14122011100005],[20.447369587000026,52.09873567200003],[20.473875150000026,52.03935669900005],[20.497788120000052,52.036028431000034],[20.53401346000004,52.049474830000065],[20.55992616900005,52.04830825500005],[20.615671070000076,52.04579865100004],[20.60094960500004,51.96951573800004],[20.635752128000036,51.93674602600004],[20.68795472900007,51.950707083000054],[20.75584452800007,51.94613778200005],[20.799349004000078,51.95448716100003],[20.843528527000046,51.93281924000007],[20.923866935000035,51.93381735500003],[20.96730401800005,51.911110490000056],[21.02897001100007,51.933619168000064],[21.09330658600004,51.938445657000045],[21.178425685000036,51.92601568500004],[21.211103136000077,51.89793467900006],[21.23911,51.901630999000076],[21.27580450000005,51.876791999000034],[21.299090229000058,51.87832224700003],[21.301896084000077,51.89286928400003],[21.317799985000022,51.90208389000003],[21.40079271600007,51.89698091200006],[21.475493982000046,51.90924925400003],[21.451805098000023,51.93273794500004],[21.481299098000022,51.951398450000056],[21.475932598000043,51.97678492600005],[21.50690103000005,51.98544454800003],[21.53493687200006,52.019040594000046],[21.579761019000046,52.03610608400004],[21.634934531000056,52.00759665800007],[21.664660818000073,52.022912887000075],[21.77701931000007,51.97600336000005],[21.80884374900006,51.97852361300005],[21.823561940000047,51.98675343300005],[21.834464068000045,51.992849464000074],[21.876471109000022,51.99061362300006],[21.882728257000053,52.01426365800006],[21.876372365000066,52.038736218000054],[21.970324472000073,52.08876455400008],[21.947922857000037,52.11008990700003],[21.934506889000033,52.14122011100005],[21.909334047000073,52.165887276000035],[21.932461756000066,52.20889713300005],[21.92316096600007,52.225096532000066],[21.869082478000053,52.22029347800003],[21.85426992400005,52.24608904400003],[21.802053638000075,52.26722812100007],[21.774621676000038,52.30397549200006],[21.745342573000073,52.32154994000007],[21.77799778800005,52.34728525100007],[21.708986222000078,52.40617434300003],[21.69376942400004,52.44910882800008],[21.725009227000044,52.46312407200003],[21.722249517000023,52.49015616600008],[21.693605340000033,52.51048767100008],[21.635569089000057,52.51847462000006],[21.596811500000058,52.55323149900005],[21.561315285000035,52.54829075500004],[21.564544443000045,52.515093515000046],[21.54115733200007,52.50751478300003],[21.51981170700003,52.48293898800006],[21.42101315000008,52.46576551700008],[21.38768587000004,52.471533140000076],[21.348953220000055,52.499826143000064],[21.318540803000076,52.50589036100007],[21.299660635000066,52.530687199000056],[21.21932989000004,52.53205458600007],[21.158315165000033,52.51400965600004],[21.123712488000024,52.53615503200007],[21.121797,52.55358799900006],[21.11684656600005,52.562012785000036],[21.057149383000024,52.54956576700005],[21.054797093000047,52.53875881500005],[21.042494050000073,52.53516605000004],[21.01619391400004,52.54274128800006],[20.981857561000027,52.539916050000045],[20.966903590000072,52.55678858500005],[20.930469500000072,52.558939999000074],[20.911118384000076,52.57112980900007],[20.89953816700006,52.593776853000065],[20.86321592200005,52.60981563300004],[20.85356428700004,52.634605445000034],[20.759569277000026,52.64291560500004],[20.718978938000078,52.617253531000074]],[[20.675429162000057,51.93142162500004],[20.65308682400007,51.93296519800003],[20.64926640500005,51.92949773700008],[20.660005855000065,51.92333911400004],[20.673838657000033,51.92423538400004],[20.675429162000057,51.93142162500004]]],[[[20.417470153000068,52.31051581500003],[20.408159441000066,52.294770097000026],[20.396162896000078,52.30284469400004],[20.401296444000025,52.30934211700003],[20.417470153000068,52.31051581500003]]],[[[19.339148286000068,52.53594749100006],[19.34680725000004,52.522388060000026],[19.333248686000047,52.52304425900007],[19.32252087200004,52.53082318700007],[19.339148286000068,52.53594749100006]]]]}},{"type":"Feature","properties":{"NUTS_ID":"PL63","NUTS_NAME":"Pomorskie"},"geometry":{"type":"MultiPolygon","coordinates":[[[[18.54764521900006,54.57128387600005],[18.561360689000026,54.540704454000036],[18.55366676500006,54.51186286300003],[18.566222735000053,54.48804586700004],[18.563992753000036,54.459996026000056],[18.597702923000043,54.426809382000044],[18.635613097000032,54.41086314300003],[18.672336616000052,54.408883797000044],[18.734572385000035,54.37528421500008],[18.882623829000067,54.34824044000004],[18.921992447000036,54.34787799900005],[18.950029500000028,54.35831049900003],[18.95558936300006,54.360000239000044],[18.96876971000006,54.35007548300007],[18.98913618100005,54.345280106000075],[19.078757944000074,54.34569716800007],[19.14492050000007,54.34904899900005],[19.227461708000078,54.35461321100007],[19.301758351000046,54.36325985900004],[19.33136950000005,54.366705499000034],[19.383664603000057,54.37541228100008],[19.40612702900006,54.38018390900004],[19.443514211000036,54.38812596000008],[19.494378660000052,54.40131456200004],[19.54996774500006,54.419131409000045],[19.555113732000052,54.42117605300007],[19.598914939000053,54.43857536400003],[19.639032,54.45829449900003],[19.648523,54.45333899900004],[19.550351128000045,54.40949341700008],[19.40612702900006,54.36637266200006],[19.230977519000078,54.33737854800006],[19.25960777800003,54.30731293800005],[19.25034927300004,54.293041077000055],[19.256953,54.27846049900006],[19.258527885000035,54.268628557000056],[19.298204344000055,54.24612495900004],[19.32382499000005,54.201322349000066],[19.314012467000055,54.19091843100006],[19.25383522000004,54.17108299400007],[19.252748850000046,54.14547532300003],[19.217688500000065,54.11612149900003],[19.247473055000057,54.08971015800006],[19.229138113000033,54.06970460000008],[19.27296731200005,54.04870226200006],[19.26597242300005,54.03347278000007],[19.27568190200003,54.02077139600004],[19.31999165700006,54.023818591000065],[19.38747932900003,53.999002690000054],[19.372079889000076,53.96129790300006],[19.38451129200007,53.93614599700004],[19.413954630000035,53.93116702200007],[19.522340014000065,53.94610428400006],[19.565169712000056,53.944902040000045],[19.574905881000063,53.934692548000044],[19.49466882200005,53.83031646900008],[19.490846909000027,53.80378331700007],[19.47890306100004,53.78926235700004],[19.37006251200006,53.81224007600008],[19.32123025900006,53.80660123300004],[19.29207902400003,53.74657549500006],[19.22182735100006,53.69481981300004],[19.207742968000048,53.647925333000046],[19.156208699000047,53.62147086400006],[19.132688461000043,53.59246782200006],[19.12927650000006,53.58826049900006],[19.092862935000028,53.59246782200006],[19.05620674100004,53.59670318000008],[18.98081466600007,53.59246782200006],[18.928153850000058,53.58950945600003],[18.909583053000063,53.58029116700004],[18.903560076000076,53.59246782200006],[18.883387475000063,53.59923870500006],[18.761577500000044,53.60488199900004],[18.745398195000064,53.64571004900006],[18.766417726000043,53.693554334000055],[18.727105263000055,53.68753581000004],[18.66587930000003,53.69453009100005],[18.61963427300003,53.67571725500005],[18.58279585500003,53.67309041300007],[18.55909452700007,53.659568798000066],[18.50276321900003,53.70047960900007],[18.44812745400003,53.68929422800005],[18.381702206000057,53.68861424000005],[18.278312165000045,53.700325088000056],[18.26559412000006,53.70721290400007],[18.267639769000027,53.724902357000076],[18.25582876900006,53.740845569000044],[18.17423562700003,53.74917054200006],[18.146209334000048,53.763778925000054],[18.112759539000024,53.765119706000064],[18.072036500000024,53.781074999000055],[18.04454650400004,53.74050188000007],[18.02095097800003,53.72924304400004],[17.887822044000075,53.748434547000045],[17.892174148000038,53.72263762500006],[17.88367917100004,53.70834890300006],[17.814497162000066,53.68481918400005],[17.76383909300006,53.68769416400005],[17.723327598000026,53.64103735100008],[17.72405554200003,53.60359906600007],[17.669841097000074,53.59246782200006],[17.664364378000073,53.57747172400008],[17.610485442000027,53.59136422700004],[17.550627360000078,53.58345838900004],[17.53543752400003,53.59246782200006],[17.52706868000007,53.59743157100007],[17.505494270000042,53.61022783800007],[17.449790548000067,53.59893830800007],[17.44184278800003,53.59246782200006],[17.425365550000038,53.57905326000008],[17.41695897200003,53.53579692300008],[17.390653,53.49096399900003],[17.34004519000007,53.49840630600005],[17.269887639000046,53.536068655000065],[17.158266509000043,53.52942029900004],[17.095167873000037,53.54100966900006],[17.05272257200005,53.520001568000055],[17.003639364000037,53.519607085000075],[16.99648067100003,53.52672983300005],[17.003232017000073,53.53804839000003],[16.996854996000025,53.550045159000035],[16.95221588000004,53.549058900000034],[16.936737696000023,53.58285998800005],[16.927409687000022,53.59246782200006],[16.89968785800005,53.62102126000008],[16.892248,53.65586899900006],[16.860817643000075,53.74560625100003],[16.927391303000036,53.77714743900003],[16.94344053800006,53.80158284400005],[16.91414610000004,53.80244464900005],[16.905093278000038,53.82049942200007],[16.873562594000077,53.83323848300006],[16.867618735000065,53.85669668200006],[16.89881149100006,53.87588834500008],[16.970156149000047,53.88048418900007],[16.982053500000063,53.90490949900004],[16.947050209000054,53.91077401800004],[16.87810932000002,53.94262377700005],[16.87375720700004,53.973986410000066],[16.83978320400007,53.995485365000036],[16.817285893000076,54.00077656900004],[16.80599233600003,53.99173009100008],[16.80858384000004,53.98069972700006],[16.792764500000033,53.985550499000055],[16.795980678000035,54.004150380000056],[16.787280752000072,54.02551878400004],[16.81072589000007,54.066065035000065],[16.794454622000046,54.08213663200007],[16.80111547100006,54.114596506000055],[16.78662240500006,54.12039822000003],[16.77024687900007,54.15228205300008],[16.73706106900005,54.17859121600003],[16.719234749000066,54.21322279800006],[16.73633716100005,54.23004794700006],[16.78662240500006,54.23932838600007],[16.832631080000056,54.24703494000005],[16.860763849000023,54.26071008200006],[16.85856065400003,54.29746876100006],[16.847510073000024,54.31047804800005],[16.818742358000065,54.319386644000076],[16.825645215000065,54.345635737000066],[16.810186559000044,54.36488704700008],[16.854866611000034,54.38306204500003],[16.82783689000007,54.41544453300003],[16.838600215000042,54.43691344700005],[16.819375252000043,54.47183907800007],[16.798666969000067,54.48504161800008],[16.78662240500006,54.48689564500006],[16.759724162000055,54.49103610900005],[16.742622596000047,54.51332062200004],[16.742362873000047,54.53308600400004],[16.699085,54.56924699900003],[16.721100164000063,54.56885159400008],[16.746341942000072,54.56839823100006],[16.762954080000043,54.569603477000044],[16.769464218000053,54.57128387600005],[16.78662240500006,54.57571275400005],[16.919236657000056,54.601043668000045],[17.049462138000024,54.66842030000004],[17.253531852000037,54.73187164700005],[17.666607,54.78323149900007],[17.833750206000047,54.809737710000036],[17.964449992000027,54.830464584000026],[18.330597735000026,54.83349962400007],[18.421197559000063,54.79448053800007],[18.396697989000074,54.73126177300003],[18.467634477000047,54.69528843000006],[18.472203372000024,54.634906769000054],[18.51070457800006,54.63239979800005],[18.51659455400005,54.60837329200007],[18.54172650000004,54.58447999900005],[18.54764521900006,54.57128387600005]]],[[[18.829608156000063,54.606143951000035],[18.815251900000078,54.59301129000005],[18.800428043000068,54.59947036700004],[18.801284468000063,54.60413437100004],[18.779376342000035,54.612911430000054],[18.77735427600004,54.62127427400003],[18.76455536900005,54.63687580200008],[18.714592714000048,54.67904817700003],[18.713636595000025,54.681176995000044],[18.723354941000025,54.68423675400004],[18.782306437000045,54.65427884300004],[18.824183532000063,54.62500443000005],[18.829608156000063,54.606143951000035]]],[[[18.688735670000028,54.69244990000004],[18.674989337000056,54.69223484200006],[18.667840703000024,54.69889447200006],[18.653067028000066,54.700078019000046],[18.638208881000025,54.713997919000064],[18.64191586100003,54.71637934600005],[18.689802600000064,54.69808195000007],[18.688735670000028,54.69244990000004]]]]}},{"type":"Feature","properties":{"NUTS_ID":"PL71","NUTS_NAME":"Łódzkie"},"geometry":{"type":"MultiPolygon","coordinates":[[[[19.326857131000054,52.34899821300007],[19.423627732000057,52.33823445000007],[19.454003991000036,52.347946258000036],[19.496984182000062,52.333874937000076],[19.496892375000073,52.31955119200006],[19.518668193000053,52.30618006900005],[19.611722431000032,52.287444107000056],[19.641129539000076,52.25630299200003],[19.681625516000054,52.25837904700006],[19.701572831000078,52.27603443400005],[19.741952251000043,52.25983423100007],[19.805210833000046,52.281094978000056],[19.849143812000023,52.27411290900005],[19.867578640000033,52.28285132500008],[19.867644679000023,52.29525577700008],[19.888957641000047,52.308994882000036],[19.91667084100004,52.30355058300006],[19.936101,52.29973349900007],[19.970132498000055,52.26888783900006],[20.029678026000056,52.258625176000066],[20.071176095000055,52.23525382100007],[20.066088743000023,52.19098566500003],[20.09555153900004,52.154091304000076],[20.15535916300007,52.14824915600008],[20.165204206000055,52.14122011100005],[20.19422664500007,52.120499023000036],[20.245312816000023,52.11600831800007],[20.261931636000043,52.10357884700005],[20.26657166700005,52.084592099000076],[20.251243960000068,52.071272769000075],[20.246465743000044,52.05373675300007],[20.208269866000023,52.023563703000036],[20.253320166000037,51.99934682800006],[20.27417134700005,51.97131981500007],[20.248384139000052,51.95060785100003],[20.248612863000062,51.93712313700007],[20.298453907000066,51.93475783900004],[20.319749727000044,51.91585477700005],[20.384293374000038,51.93643313300004],[20.445311066000045,51.93844418300006],[20.477816808000057,51.92491313100004],[20.491141276000064,51.89543340400007],[20.55992616900005,51.88533159500008],[20.58735966300003,51.862349480000034],[20.609228187000042,51.82843960100007],[20.579035943000065,51.81143998700003],[20.589784850000058,51.754607055000065],[20.64592445100004,51.726552523000066],[20.650887234000038,51.71576994800006],[20.647204656000042,51.68085028300004],[20.624943640000026,51.66421883400005],[20.55992616900005,51.663850016000026],[20.532120212000052,51.66760013700008],[20.506057191000025,51.68431136800007],[20.460631058000047,51.692298642000026],[20.403779461000056,51.67116207300006],[20.385006,51.64160999900008],[20.41234733600004,51.63224906500005],[20.42489050000006,51.61161949900003],[20.419792649000044,51.60495957400008],[20.437705058000063,51.57534864400003],[20.45914427200006,51.571654770000066],[20.465301512000053,51.56272523900003],[20.452798605000055,51.50774144400003],[20.474857748000034,51.500189453000075],[20.516454038000063,51.507232920000035],[20.527643289000025,51.468892777000065],[20.522628268000062,51.45712133900008],[20.490173378000065,51.44082260000005],[20.483555720000027,51.413739699000075],[20.448390563000032,51.408382276000054],[20.42430481300005,51.36543298400005],[20.432815,51.33940499900007],[20.411548423000056,51.32098535100005],[20.368174639000074,51.30898261400006],[20.38730522800006,51.272789052000064],[20.371268153000074,51.24013839100007],[20.335867757000074,51.25505878000007],[20.30021739400007,51.24387672700004],[20.253541437000024,51.25658123100004],[20.244504576000054,51.246618590000026],[20.259692508000057,51.21523238600008],[20.227846299000078,51.20136724200006],[20.186144812000066,51.20524881800003],[20.11455182000003,51.19084765500003],[20.042531170000075,51.20159560500008],[19.999630555000067,51.18717218300003],[20.021678157000053,51.16133745600007],[19.988966644000072,51.12992607600006],[19.98589409400006,51.07773188800007],[20.05141462200004,51.05994084800005],[20.03947050000005,50.99020649900007],[20.034155912000074,50.975130540000066],[20.01173625200005,50.96541148100005],[19.962088808000033,50.98931585200006],[19.932511763000036,51.02351130900007],[19.91667084100004,51.02640956300007],[19.900289717000078,51.029406652000034],[19.87796202000004,51.04597453100007],[19.861329737000062,51.00626719200005],[19.83105308200004,50.968348932000026],[19.845952425000064,50.93912931600005],[19.84076433200005,50.92568281300004],[19.795982528000025,50.905201110000064],[19.780433661000075,50.883043093000026],[19.74706,50.86596999900007],[19.727235824000047,50.84519435800007],[19.688394480000056,50.84556641200004],[19.66710875800004,50.85384439000006],[19.652926067000067,50.874235070000054],[19.614812914000026,50.88066416000004],[19.576044357000058,50.904107639000074],[19.511421003000066,50.88416550300008],[19.481535953000048,50.884337955000035],[19.467295340000078,50.89873460800004],[19.460285932000033,50.928561424000065],[19.398647312000037,50.99337767000003],[19.359975339000073,50.99650030400005],[19.328333104000023,51.01785692300007],[19.320220472000074,51.04307768400008],[19.243142500000033,51.03684449900004],[19.249188900000036,51.00215664900003],[19.23840247100003,50.991338118000044],[19.212003465000066,50.98549107000008],[19.141707542000063,51.009489114000075],[19.12107290700004,51.00330346900006],[19.088768729000037,51.03260658000005],[19.053512787000045,51.026986444000045],[19.050293689000057,51.04147195300004],[19.019276992000073,51.05246675400008],[19.000743406000026,51.07174830300005],[18.923335473000066,51.095883281000056],[18.889546805000066,51.06062581500004],[18.85705622300003,51.072914569000034],[18.67295450000006,51.056902499000046],[18.64712529600007,51.06007146800005],[18.613714703000028,51.07961867600005],[18.581320124000058,51.083143207000035],[18.54949766900006,51.13772398900005],[18.52086094200007,51.13674331200008],[18.51614007300003,51.10868760900007],[18.485423678000075,51.09262900600004],[18.461088698000026,51.11769682900007],[18.431958097000063,51.11580509300006],[18.36223927800006,51.13756347300006],[18.31310021300004,51.135788880000064],[18.25685866500004,51.15682330800007],[18.187371966000057,51.15833010700004],[18.163681500000052,51.17251699900004],[18.172130792000075,51.18856936600008],[18.163794753000047,51.20364383000003],[18.177418851000027,51.22443837600008],[18.169430559000034,51.26707402100004],[18.108426880000025,51.26478916000008],[18.110137158000043,51.30950881900003],[18.079449926000052,51.35042832900007],[18.09902349400005,51.36067416100008],[18.129973095000025,51.36054690200007],[18.15112823900006,51.38937233300004],[18.19365526100006,51.39059015500004],[18.20870872000006,51.42365740100007],[18.19700329400007,51.441246516000035],[18.215684037000074,51.452163331000065],[18.32608444500005,51.42172870200005],[18.359866757000077,51.46614346900003],[18.38013651400007,51.47782471100004],[18.37954325800007,51.51363585100006],[18.362298133000024,51.535426966000045],[18.370248658000037,51.54772967700006],[18.373466114000053,51.59505765500006],[18.353506828000036,51.60325161500003],[18.364987045000078,51.61807707500003],[18.353572538000037,51.63006350500007],[18.37817621800008,51.64923719900003],[18.358441698000036,51.66853388100003],[18.410040249000076,51.70389363100003],[18.404812615000026,51.72201106800003],[18.41991880100005,51.73010402500006],[18.41766117900005,51.74919106600004],[18.42886745100003,51.76382275800006],[18.41660661700007,51.78977326900008],[18.43873393000007,51.79810814600006],[18.44569834600003,51.823714875000064],[18.465021725000042,51.82503974100007],[18.471965500000067,51.85100549900005],[18.50426515500004,51.852144114000055],[18.521843328000045,51.836021204000076],[18.592689938000035,51.846846268000036],[18.619058815000074,51.833637803000045],[18.68419071900007,51.82351523900007],[18.700590694000027,51.86464190700008],[18.72152129400007,51.87406114300006],[18.764490539000064,51.926147910000054],[18.745697282000037,51.93791585200006],[18.73742795800007,51.958669102000044],[18.718896759000074,51.96571118500003],[18.73075532000007,51.97542890700004],[18.721315280000056,51.99256179500003],[18.730546566000044,52.00453922200006],[18.71791635900007,52.035715468000035],[18.720792155000026,52.06383661500007],[18.750197040000046,52.07394411700005],[18.784628980000036,52.062111678000065],[18.827809,52.06418799900007],[18.858523149000064,52.08559762300007],[18.92167477000004,52.08046787400008],[18.943815615000062,52.10718951500007],[18.944916400000068,52.12311323800003],[18.918192503000057,52.12908152800003],[18.91115434900007,52.14122011100005],[18.931704894000063,52.19586141900004],[18.993950722000022,52.21212417000004],[19.08196408500004,52.20909621100003],[19.078406748000077,52.22958352000006],[19.098216465000064,52.24485175900003],[19.100068133000036,52.257107243000064],[19.087350196000045,52.26983994200003],[19.040246851000063,52.27597083200004],[19.038460905000022,52.310258805000046],[19.04712,52.33280399900008],[19.099302951000027,52.34587798300004],[19.163720058000024,52.34369013000003],[19.195398263000072,52.35420169900004],[19.219339846000025,52.34373026500003],[19.215093780000075,52.36333541500005],[19.289184500000033,52.39271249900003],[19.304270192000047,52.38509848700005],[19.298813523000035,52.37177991600004],[19.323807801000044,52.36325870400003],[19.326857131000054,52.34899821300007]]]]}},{"type":"Feature","properties":{"NUTS_ID":"PL72","NUTS_NAME":"Świętokrzyskie"},"geometry":{"type":"MultiPolygon","coordinates":[[[[20.52961798800004,51.26034696900007],[20.544451525000056,51.23351071700006],[20.55992616900005,51.23655054300008],[20.604045407000058,51.24521728700006],[20.69447985100004,51.19835946100005],[20.700471046000075,51.18740834000005],[20.687252602000058,51.17080164600003],[20.691568286000063,51.151150149000046],[20.724550849000025,51.17083030200007],[20.774813008000024,51.148326902000065],[20.810233679000078,51.14769174000003],[20.818462621000037,51.15495217800003],[20.81308735700003,51.166002512000034],[20.825853675000076,51.17661176800004],[20.87946967000005,51.15696117300007],[20.922424679000073,51.19319007300004],[20.992309384000066,51.16254835600006],[20.998260920000064,51.148071034000054],[21.00686866800004,51.14689296100005],[21.058442829000057,51.161173534000056],[21.077983886000027,51.208932169000036],[21.10473144100007,51.20164391000003],[21.115582481000047,51.18945929000006],[21.095271014000048,51.15661699700007],[21.153656054000066,51.124917606000054],[21.160414306000064,51.081154318000074],[21.347796236000022,51.08399235300004],[21.357363692000035,51.067956751000054],[21.38073616300005,51.056536004000066],[21.386612058000026,51.04039428700003],[21.463647151000032,51.014640873000076],[21.488480115000073,51.02147365600007],[21.515758164000033,51.05792046500005],[21.548954839000032,51.05045813700008],[21.630164500000035,51.06338899900004],[21.632947598000044,51.07401493300006],[21.67602491100007,51.07538376200006],[21.707583343000067,51.04423932900005],[21.754095633000077,51.03938306100008],[21.771778851000022,51.04436501200007],[21.788226604000045,51.067146800000046],[21.802998,51.07207899900004],[21.82084896400005,51.050488683000026],[21.807910416000027,51.02399005500007],[21.819104296000035,50.99946559000006],[21.81499901500007,50.93741559500006],[21.843206080000073,50.86570389100007],[21.844341861000032,50.843990717000054],[21.86410747700006,50.81992853300005],[21.864303500000062,50.80270649900007],[21.823561940000047,50.70223663300004],[21.819916610000064,50.693247143000065],[21.790147809000075,50.67972211800003],[21.776806974000067,50.64729821000003],[21.75081036100005,50.65240017500008],[21.723678343000074,50.643178859000045],[21.675530300000048,50.608718526000075],[21.651551853000058,50.567666244000065],[21.603700246000074,50.522597595000036],[21.55160182000003,50.519365049000044],[21.45532006600007,50.49292338500004],[21.44582116500004,50.48460255300006],[21.44941506300006,50.465805706000026],[21.441276282000047,50.456106684000076],[21.314925335000055,50.42267663200005],[21.20883150000003,50.35489749900006],[21.19078262900007,50.34955069400007],[21.176430008000068,50.33183845500008],[21.152203446000044,50.350767844000075],[21.133282103000056,50.35216180700007],[21.055871638000042,50.317024487000026],[20.953518597000027,50.31369799400005],[20.931614423000042,50.29937496300005],[20.893521658000054,50.304113536000045],[20.85593825600006,50.29375466700003],[20.836381345000063,50.27574481000005],[20.787512975000027,50.286475832000065],[20.73201178200003,50.25178282600007],[20.726007913000046,50.231850888000054],[20.685270057000025,50.21498367100003],[20.681539,50.20587549900006],[20.637572625000075,50.20970195800004],[20.575491318000047,50.18991921500003],[20.55992616900005,50.19737533000006],[20.515203400000075,50.18849394700004],[20.473493094000048,50.19776768600008],[20.42354325200006,50.195129630000054],[20.381533194000042,50.21647092000006],[20.384919267000043,50.24119842200008],[20.339343410000026,50.26741533300003],[20.35419983500003,50.28399339500004],[20.327958753000075,50.31437471900006],[20.29798656400004,50.32770507400005],[20.299937389000036,50.34835141800005],[20.330605646000038,50.36208703600005],[20.267924535000077,50.43174864100007],[20.26290831500006,50.47035974000005],[20.20291545300006,50.49339139400007],[20.10655925700007,50.487887941000054],[20.066098917000033,50.508666411000036],[20.033276904000047,50.503036628000075],[19.980164330000036,50.51764440100004],[19.949966500000073,50.504782499000044],[19.91667084100004,50.513199642000075],[19.89413733400005,50.53913619900004],[19.79842581400004,50.559284423000065],[19.858612665000066,50.61559311000008],[19.894971858000076,50.618674258000055],[19.90896768400006,50.63059984600005],[19.90564209400003,50.64093746300006],[19.84328567700004,50.65451836400007],[19.86183001300003,50.67207549300008],[19.865492207000045,50.69089685400007],[19.802429681000035,50.71699226800007],[19.754498342000034,50.71795605900007],[19.712949500000036,50.72915599900006],[19.71138202900005,50.759187335000036],[19.730242786000076,50.76650564800008],[19.74774848800007,50.75997374000008],[19.785843405000037,50.783025328000065],[19.782003864000046,50.79916256700005],[19.78931005000004,50.81521374300007],[19.81823352600003,50.80792783100003],[19.825000215000046,50.82815178800007],[19.80566232800004,50.844856367000034],[19.74706,50.86596999900007],[19.780433661000075,50.883043093000026],[19.795982528000025,50.905201110000064],[19.84076433200005,50.92568281300004],[19.845952425000064,50.93912931600005],[19.83105308200004,50.968348932000026],[19.861329737000062,51.00626719200005],[19.87796202000004,51.04597453100007],[19.900289717000078,51.029406652000034],[19.91667084100004,51.02640956300007],[19.932511763000036,51.02351130900007],[19.962088808000033,50.98931585200006],[20.01173625200005,50.96541148100005],[20.034155912000074,50.975130540000066],[20.03947050000005,50.99020649900007],[20.05141462200004,51.05994084800005],[19.98589409400006,51.07773188800007],[19.988966644000072,51.12992607600006],[20.021678157000053,51.16133745600007],[19.999630555000067,51.18717218300003],[20.042531170000075,51.20159560500008],[20.11455182000003,51.19084765500003],[20.186144812000066,51.20524881800003],[20.227846299000078,51.20136724200006],[20.259692508000057,51.21523238600008],[20.244504576000054,51.246618590000026],[20.253541437000024,51.25658123100004],[20.30021739400007,51.24387672700004],[20.335867757000074,51.25505878000007],[20.371268153000074,51.24013839100007],[20.38730522800006,51.272789052000064],[20.368174639000074,51.30898261400006],[20.411548423000056,51.32098535100005],[20.432815,51.33940499900007],[20.509269286000062,51.32735464000007],[20.51420730500007,51.314582836000056],[20.49765259700007,51.30687072000006],[20.498012998000036,51.29937889100006],[20.50697604100003,51.28494464600004],[20.531703288000074,51.27289902700005],[20.52961798800004,51.26034696900007]]]]}},{"type":"Feature","properties":{"NUTS_ID":"PL81","NUTS_NAME":"Lubelskie"},"geometry":{"type":"MultiPolygon","coordinates":[[[[23.40321384400005,52.18100818500005],[23.425859976000027,52.174931093000055],[23.45176592400003,52.182620428000064],[23.490752102000044,52.17824052600008],[23.496159015000046,52.17331332500004],[23.490605810000034,52.154137054000046],[23.509745,52.14122011100005],[23.548691038000072,52.11493562700008],[23.592999380000037,52.114329557000076],[23.602704887000073,52.11419680000006],[23.649940628000024,52.07308259200005],[23.647070232000033,52.05927280600008],[23.660531797000033,52.04146212200004],[23.661442308000062,52.01910508200007],[23.685695948000046,51.99084824000005],[23.66505957800007,51.96610760000004],[23.641987481000058,51.95492528600005],[23.641135692000034,51.93368356000008],[23.61572658800003,51.919298809000054],[23.633644842000024,51.89313920700005],[23.626335508000068,51.87813828800006],[23.609844235000025,51.873491211000044],[23.614480369000034,51.85342929300003],[23.605867095000065,51.83383242800005],[23.619126239000025,51.828549431000056],[23.637728794000054,51.80054148200003],[23.623372709000023,51.777451823000035],[23.592999380000037,51.764265970000054],[23.581454434000023,51.75925400800003],[23.558022022000046,51.75831859500005],[23.529385594000075,51.73439189700008],[23.547902644000033,51.72195549500003],[23.55664051100007,51.69790114600005],[23.55505202300003,51.666688812000075],[23.539697688000047,51.64839917900008],[23.543823408000037,51.602414717000045],[23.57318594800006,51.558398227000055],[23.566218029000026,51.53798405500004],[23.592999380000037,51.532115126000065],[23.609803836000026,51.52843255800008],[23.62038307000006,51.51774135200003],[23.617443,51.509536999000034],[23.631158267000046,51.49076368200008],[23.669073764000075,51.48130762300008],[23.671361373000025,51.47237071300003],[23.650092305000044,51.451259624000045],[23.681924459000072,51.44178231200004],[23.699198866000074,51.408387496000046],[23.685937678000073,51.396504357000026],[23.681664486000045,51.37005719300004],[23.660203486000057,51.35823901500004],[23.640682265000066,51.33276756500004],[23.638973625000062,51.314754307000044],[23.653271610000047,51.29063474900005],[23.681731839000065,51.29045823400003],[23.709221,51.277648499000065],[23.74440473100003,51.21569306200007],[23.805199678000065,51.18458797900007],[23.821820478000063,51.16554138400005],[23.865287779000028,51.150967137000066],[23.86872104300005,51.135382621000076],[23.85357567500006,51.12338669500008],[23.860381147000055,51.100762528000075],[23.877773244000025,51.08076469900004],[23.908320574000072,51.07342035700003],[23.924264675000074,51.03610232400007],[23.92610514300003,51.00800406900004],[23.96106927200003,50.98469296900004],[23.972214536000024,50.95249875800005],[24.05468674800005,50.89289633000004],[24.141787694000072,50.86729521500007],[24.12097801500005,50.844856367000034],[24.079591736000054,50.83483817000007],[23.99966512000003,50.838579339000034],[23.981115017000036,50.82909426500004],[23.96149114700006,50.79779018900007],[23.973418809000066,50.77564798700007],[24.01757976300007,50.76730311000006],[24.021580294000046,50.724877452000044],[24.070226667000043,50.714631249000035],[24.065619682000033,50.68005805900003],[24.085195338000062,50.667473769000026],[24.09571098400005,50.63452757200008],[24.08814563900006,50.55409249400003],[24.06866442200004,50.50200616400008],[24.03313905400006,50.44656337100008],[24.008242403000054,50.43452959200005],[23.991619124000067,50.413228795000066],[23.803661631000068,50.40456339000008],[23.725076949000027,50.38652737500007],[23.701537684000073,50.371320635000075],[23.68420353500005,50.33364574700005],[23.642485227000066,50.320314273000065],[23.592999380000037,50.277719465000075],[23.58085397900004,50.267265344000066],[23.547642,50.25160199900006],[23.51237512800003,50.263716256000066],[23.50641214600006,50.28369357200006],[23.51308881400007,50.29581983200006],[23.41482180500003,50.30774096600004],[23.432812031000026,50.343718859000035],[23.380076762000044,50.37051836400008],[23.36922613100006,50.39289037700007],[23.384243294000044,50.40399273400004],[23.36504638400004,50.40909370500003],[23.32052907900004,50.390862500000026],[23.255701104000025,50.364313451000044],[23.214497481000024,50.38762700400008],[23.180812788000026,50.39283673600005],[23.020951747000026,50.28840057200006],[22.808318417000066,50.302138350000064],[22.745472911000036,50.30235241100007],[22.72558282500006,50.29771978100007],[22.705897667000045,50.29313488100007],[22.638222,50.30307749900004],[22.617314340000064,50.31180840600007],[22.615578593000066,50.323359638000056],[22.668739851000055,50.34126460200008],[22.675931949000073,50.35266629800003],[22.562900410000054,50.35649026300007],[22.504481930000054,50.349698818000036],[22.467702494000036,50.36328627600005],[22.443890614000054,50.38925270900006],[22.412743738000074,50.40526646300003],[22.418786990000058,50.41880083400008],[22.44896329200003,50.43149263600003],[22.45796580700005,50.45984720800004],[22.509127687000046,50.461874883000064],[22.537287760000027,50.45420870000004],[22.563284844000066,50.46979313800006],[22.54760054700006,50.48232487700005],[22.561064673000033,50.50100060600005],[22.53757956800007,50.513458710000066],[22.524099869000054,50.53400334000003],[22.532839540000055,50.56080078100007],[22.519738,50.58323349900007],[22.48895555300004,50.58075555700003],[22.459644482000044,50.590084768000054],[22.416672022000057,50.58266359900006],[22.32657501500006,50.61688914300004],[22.253883203000044,50.62204289400006],[22.218802582000023,50.66069602500005],[22.151353810000046,50.67000587500007],[22.20118789600008,50.75287386400004],[22.15653136900005,50.77319351500006],[22.15626450600007,50.79799770600005],[22.055322601000057,50.818826312000056],[21.99698062300007,50.786047488000065],[21.971158739000032,50.78532830200004],[21.943034450000027,50.77246672100006],[21.881573739000032,50.780288330000076],[21.864303500000062,50.80270649900007],[21.86410747700006,50.81992853300005],[21.844341861000032,50.843990717000054],[21.843206080000073,50.86570389100007],[21.81499901500007,50.93741559500006],[21.819104296000035,50.99946559000006],[21.807910416000027,51.02399005500007],[21.82084896400005,51.050488683000026],[21.802998,51.07207899900004],[21.787742690000073,51.19118481400005],[21.81093633000006,51.22884127700007],[21.81428116400008,51.253761619000045],[21.823561940000047,51.26021549200004],[21.84614795400006,51.27592185700007],[21.823561940000047,51.284321068000054],[21.799200623000047,51.29338047200008],[21.82051713000004,51.30697281300007],[21.823561940000047,51.31286187100005],[21.847270257000048,51.35871683700003],[21.836022270000058,51.37483300900004],[21.823561940000047,51.37613570900004],[21.809058203000063,51.37765204300007],[21.766100292000033,51.401959402000045],[21.801305021000076,51.42463959600008],[21.823561940000047,51.424796306000076],[21.842095079000046,51.42492679800006],[21.86695376700004,51.47116633200005],[21.852129613000045,51.48648364100006],[21.850802162000036,51.51317965700008],[21.823561940000047,51.553748969000026],[21.819443875000047,51.55988207100006],[21.689762615000063,51.57278370000006],[21.66287582800004,51.58192467100008],[21.61554250000006,51.61756199900003],[21.63709679400006,51.62726503600004],[21.638733126000034,51.652481187000035],[21.648614285000065,51.65846368500007],[21.718633615000044,51.63519326800008],[21.72999420700006,51.61877321000003],[21.74575823500004,51.61460844700008],[21.76428884300003,51.63972312300007],[21.823561940000047,51.648881034000055],[21.831608920000065,51.65012432200007],[21.845996296000067,51.669425998000065],[21.875026810000065,51.67900154700004],[21.89712327600006,51.70153909000004],[21.839196318000063,51.747254534000035],[21.866118207000056,51.766739579000046],[21.92844068000005,51.78021698300006],[21.950347015000034,51.795580321000045],[21.941845483000066,51.822610585000064],[21.923335294000026,51.83538876400007],[21.862492132000057,51.83178742300004],[21.847911212000042,51.843934997000076],[21.88587814600004,51.85802371600005],[21.90854408900003,51.88785161200008],[21.868546386000048,51.94536810100004],[21.89252755800004,51.97591488100005],[21.938013717000047,51.99195037700008],[21.96923227800005,51.99130506000006],[22.035821187000067,52.02090019900004],[22.11038405900007,52.00235001300007],[22.136160808000056,52.007531318000076],[22.156200099000046,52.02618867900003],[22.255655970000078,52.006778444000076],[22.306870563000075,52.03673649800004],[22.32163510600003,52.03275481600008],[22.32385623500005,52.006723211000065],[22.347874734000072,51.99848337600008],[22.38204053900006,52.01517579400007],[22.43266506200007,52.018715246000056],[22.493750743000078,52.067076385000064],[22.512734178000073,52.06660797600006],[22.558092126000076,52.042033520000075],[22.60345535500005,52.03590617700007],[22.62290150000007,52.018744499000036],[22.662349686000027,52.04368352500006],[22.666680206000024,52.07295011300005],[22.652379735000068,52.09245173800008],[22.694376187000046,52.11518370400006],[22.72558282500006,52.103488033000076],[22.752349346000074,52.093456436000054],[22.785752090000074,52.07148768300004],[22.82754548500003,52.08058872500004],[22.851064545000042,52.06841664800004],[22.900743318000025,52.06648143900003],[22.904127758000072,52.07507788000004],[22.891092335000053,52.09222027200008],[22.89852913200008,52.104581791000044],[22.959288437000055,52.109264178000046],[22.96360756100006,52.11627947300008],[22.93739457500004,52.13783916400007],[22.94457757400005,52.14122011100005],[22.97980616500007,52.157801766000034],[22.983697394000046,52.17234627900007],[23.04902883400007,52.176751566000064],[23.033322867000038,52.19747544900008],[23.03417085500007,52.21725602200007],[23.080546265000066,52.23935180500007],[23.128409,52.28784149900008],[23.178338,52.28314099900007],[23.19937632400007,52.274902170000075],[23.197122285000034,52.23887489300006],[23.20742174700007,52.22675884600005],[23.32052907900004,52.21156193400003],[23.36391579600007,52.20573256700004],[23.395182718000058,52.19685399700006],[23.40321384400005,52.18100818500005]]]]}},{"type":"Feature","properties":{"NUTS_ID":"PL42","NUTS_NAME":"Zachodniopomorskie"},"geometry":{"type":"MultiPolygon","coordinates":[[[[16.792764500000033,53.985550499000055],[16.80858384000004,53.98069972700006],[16.80599233600003,53.99173009100008],[16.817285893000076,54.00077656900004],[16.83978320400007,53.995485365000036],[16.87375720700004,53.973986410000066],[16.87810932000002,53.94262377700005],[16.947050209000054,53.91077401800004],[16.982053500000063,53.90490949900004],[16.970156149000047,53.88048418900007],[16.89881149100006,53.87588834500008],[16.867618735000065,53.85669668200006],[16.873562594000077,53.83323848300006],[16.905093278000038,53.82049942200007],[16.91414610000004,53.80244464900005],[16.94344053800006,53.80158284400005],[16.927391303000036,53.77714743900003],[16.860817643000075,53.74560625100003],[16.892248,53.65586899900006],[16.846349109000073,53.63178766100003],[16.821069437000062,53.638834659000054],[16.78662240500006,53.62858514900006],[16.762982067000053,53.62155110700007],[16.744618804000027,53.59800531600007],[16.74262720200005,53.59246782200006],[16.719163644000048,53.52722925100005],[16.65084188700007,53.48889464900003],[16.49932467600007,53.47247327100007],[16.458019058000048,53.485849546000054],[16.450099721000072,53.48066437400007],[16.442252191000023,53.46280353100008],[16.46176808000007,53.45763536700008],[16.450701538000033,53.44242623200006],[16.483275237000043,53.38821722800003],[16.561280517000057,53.355604836000055],[16.62292350200005,53.34485870000003],[16.696767710000074,53.302917517000026],[16.640500417000055,53.26178423500005],[16.627113847000032,53.23058831800006],[16.629980768000053,53.21753011200008],[16.613168759000075,53.20928305100006],[16.592599949000032,53.22703658200004],[16.56223479500005,53.230207679000046],[16.535952330000043,53.216454276000036],[16.53356270000006,53.20163917000008],[16.496593912000037,53.16568525400004],[16.46971331900005,53.16764928100008],[16.422623372000032,53.15141319300005],[16.398195916000077,53.15950256500008],[16.390146154000035,53.13330641700003],[16.34981109900002,53.11036276300007],[16.36005415300002,53.07817539900003],[16.310924317000058,53.03796016500007],[16.260351339000067,53.04730214800003],[16.116570927000055,53.012512522000065],[15.96249750000004,53.04138099900007],[15.985376427000062,53.05701495300008],[15.995117708000066,53.07901562900008],[15.979097764000073,53.10866338500006],[15.907291392000047,53.12244470100006],[15.868593335000071,53.11926595600005],[15.851617401000055,53.11431347600006],[15.85419033200003,53.09365077800004],[15.816425043000038,53.08391449700008],[15.817213486000071,53.06649582800003],[15.797346774000061,53.05816949600006],[15.80069727700004,53.045726728000034],[15.767103440000028,53.02575865800003],[15.774430023000036,53.01535893200003],[15.770264360000056,53.00361822500008],[15.741617907000034,52.99140622200008],[15.682859592000057,52.99600908100007],[15.638214925000057,52.98036518400005],[15.622640611000065,52.98036518400005],[15.574775171000056,52.98853776300007],[15.547692316000052,53.01211572200003],[15.422386983000024,52.98358654700007],[15.417085588000077,52.98036518400005],[15.357164234000038,52.94395431100003],[15.289823304000038,52.955410603000075],[15.287752757000021,52.93976174100004],[15.328441705000046,52.90263748900003],[15.32455537100003,52.89603540500008],[15.078142366000066,52.832506531000035],[15.034222429000067,52.85914620800003],[14.99018337800004,52.84540656900003],[14.97379909600005,52.86676524600006],[14.914207555000075,52.88694905300008],[14.893085873000075,52.862268345000075],[14.914062487000024,52.84304962300007],[14.89959669700005,52.83640913100004],[14.869186570000068,52.844309862000046],[14.856987562000029,52.82709848400003],[14.859464456000069,52.79495557300004],[14.79708101500006,52.755105979000064],[14.788732406000065,52.69822701900006],[14.742149609000023,52.64444841900007],[14.700192917000038,52.63357701400008],[14.631231746000026,52.65634711900003],[14.565063,52.62449699900003],[14.514601706000064,52.63993955900003],[14.498477,52.64735049900003],[14.46824874300006,52.65974427700007],[14.461730663000026,52.664422728000034],[14.457668320000039,52.67345062900006],[14.453348884000036,52.67680050000007],[14.436438,52.67990049900004],[14.346191210000029,52.752823455000055],[14.278203818000065,52.77553461100007],[14.21348190200007,52.81708042000008],[14.155697043000032,52.82709848400003],[14.13004810600006,52.83154519800007],[14.125820762000046,52.845334738000076],[14.156902842000022,52.87619475000008],[14.156692,52.895590999000035],[14.14185965200005,52.93907512000004],[14.143658,52.96136849900006],[14.191775194000058,52.98036518400005],[14.286577679000061,53.01779323900007],[14.341983155000037,53.050466046000054],[14.359998432000054,53.072427160000075],[14.384706166000058,53.13737418000005],[14.368612015000053,53.16823054400004],[14.375496927000029,53.19507190400003],[14.402700339000035,53.210838530000046],[14.42011003600004,53.23058831800006],[14.447765549000053,53.26196109500006],[14.443638469000064,53.272871363000036],[14.42024835500007,53.28236320500008],[14.40986521900004,53.30909728200004],[14.412157,53.32963599900006],[14.392891164000048,53.35483609600004],[14.392185969000025,53.37936413600005],[14.372639948000028,53.415098913000065],[14.369736487000068,53.45162863400003],[14.355603667000025,53.47221022400004],[14.350089276000062,53.49254174100008],[14.325984238000046,53.50757026200006],[14.306276138000044,53.54695281000005],[14.312402485000064,53.59246782200006],[14.315229686000066,53.61347219700008],[14.286352325000053,53.63535931000007],[14.275011894000045,53.666814557000066],[14.281061684000065,53.68213742100005],[14.267542,53.69780649900008],[14.301424395000026,53.701711964000026],[14.305281840000077,53.71150970300005],[14.287841193000077,53.72342791800003],[14.30579216700005,53.73889415500008],[14.320169877000069,53.73652102800003],[14.39831736900004,53.682693880000045],[14.521492976000047,53.661358077000045],[14.570799424000029,53.605759367000076],[14.59275023400005,53.59512857700008],[14.594508873000052,53.62174056900005],[14.613638069000046,53.63231850200003],[14.617406437000056,53.64688673400008],[14.549931714000024,53.67535912000005],[14.541168467000034,53.70381022200007],[14.559381704000032,53.75412670800006],[14.612637583000037,53.77060374200005],[14.608195616000046,53.82767189900005],[14.594434383000078,53.82354512500007],[14.583596516000057,53.807337791000066],[14.57336851100007,53.81989465600003],[14.579950429000064,53.83714325200003],[14.572588886000062,53.84694192900008],[14.540639989000056,53.857892811000056],[14.431981657000051,53.86459467700007],[14.425353173000076,53.87224378500008],[14.430952608000041,53.89445960200004],[14.386156665000044,53.89236566200003],[14.36945862500005,53.87883177600003],[14.382540813000048,53.86927966500008],[14.378244737000045,53.857190080000066],[14.406779611000047,53.85794374500006],[14.407366652000064,53.84683523100006],[14.356101287000058,53.83516647500005],[14.318117753000024,53.81647103800003],[14.274057036000045,53.828970483000035],[14.213077500000054,53.866479499000036],[14.203686873000038,53.91330514600003],[14.226302,53.928652999000064],[14.282167945000026,53.915123236000056],[14.386206103000063,53.91755365300003],[14.518984201000023,53.967123326000035],[14.745094891000065,54.01632653900003],[14.742436999000063,54.00674114600008],[14.70358826100005,53.98689635300008],[14.682720861000064,53.93782579800006],[14.637290399000051,53.89005507300004],[14.639856587000054,53.87906583000006],[14.700298667000027,53.92409690300008],[14.74768300200003,53.93684303600003],[14.748944154000071,53.94659170400007],[14.723693351000065,53.954086586000074],[14.720842007000044,53.967080062000036],[14.763743109000075,53.97849183900007],[14.820787087000042,54.039154686000074],[14.973729098000035,54.074383570000066],[15.267105369000035,54.14196028200007],[15.388074500000073,54.15890699900007],[15.489873081000042,54.167433344000074],[15.554952909000065,54.18656031800003],[15.67766529100004,54.20153098800006],[15.850942603000021,54.24110122600007],[16.002976561000025,54.25489263700007],[16.096306516000027,54.27329702600008],[16.22356748900006,54.32643589200006],[16.29684856600005,54.373155154000074],[16.314443272000062,54.38437239800004],[16.43314082200004,54.48750573700005],[16.48711950200004,54.51952530800003],[16.58836627200003,54.55464084500005],[16.699085,54.56924699900003],[16.742362873000047,54.53308600400004],[16.742622596000047,54.51332062200004],[16.759724162000055,54.49103610900005],[16.78662240500006,54.48689564500006],[16.798666969000067,54.48504161800008],[16.819375252000043,54.47183907800007],[16.838600215000042,54.43691344700005],[16.82783689000007,54.41544453300003],[16.854866611000034,54.38306204500003],[16.810186559000044,54.36488704700008],[16.825645215000065,54.345635737000066],[16.818742358000065,54.319386644000076],[16.847510073000024,54.31047804800005],[16.85856065400003,54.29746876100006],[16.860763849000023,54.26071008200006],[16.832631080000056,54.24703494000005],[16.78662240500006,54.23932838600007],[16.73633716100005,54.23004794700006],[16.719234749000066,54.21322279800006],[16.73706106900005,54.17859121600003],[16.77024687900007,54.15228205300008],[16.78662240500006,54.12039822000003],[16.80111547100006,54.114596506000055],[16.794454622000046,54.08213663200007],[16.81072589000007,54.066065035000065],[16.787280752000072,54.02551878400004],[16.795980678000035,54.004150380000056],[16.792764500000033,53.985550499000055]]]]}},{"type":"Feature","properties":{"NUTS_ID":"PL43","NUTS_NAME":"Lubuskie"},"geometry":{"type":"MultiPolygon","coordinates":[[[[15.950963579000074,52.99277880800008],[15.956431224000028,52.98036518400005],[15.976051121000069,52.93582059100004],[15.970306381000057,52.897879465000074],[15.976202458000046,52.87972616900004],[15.96928323800006,52.859356578000074],[15.933220984000059,52.83558432400008],[15.907523532000027,52.83607673900008],[15.901752443000078,52.82709848400003],[15.895534802000043,52.81742551600007],[15.902351366000062,52.80808968000008],[15.933212338000033,52.80003175300004],[15.92945448000006,52.77874466700007],[15.946907,52.75489599900004],[15.943096850000074,52.731501699000034],[15.90634932000006,52.71592255100006],[15.797833213000047,52.70672180000008],[15.81195672900003,52.67219359600006],[15.787032428000032,52.66471810000007],[15.778534463000028,52.64309628800004],[15.79382836700006,52.63149784900003],[15.790721021000024,52.61287536800006],[15.828429644000039,52.58678565000008],[15.827648182000075,52.570329085000026],[15.854258568000034,52.546995268000046],[15.840196441000046,52.526182808000044],[15.87076049500007,52.50896440000008],[15.889433821000068,52.47746733000008],[15.894165403000045,52.44988294400008],[15.873832339000046,52.438781223000035],[15.842745062000063,52.43356597400003],[15.823610392000035,52.44851361700006],[15.807923905000052,52.440601740000034],[15.845081510000057,52.40441471400004],[15.89756084000004,52.388144186000034],[15.88391092300003,52.348469427000055],[15.888492478000046,52.313160535000065],[15.880810500000052,52.29042949900003],[15.857216100000073,52.26177699700003],[15.853203648000033,52.21171534900003],[15.859983336000028,52.176930139000035],[15.879320913000072,52.150294589000055],[15.871906679000062,52.14122011100005],[15.845020699000031,52.108313648000035],[15.846485354000038,52.09989843400007],[15.909864076000076,52.073226383000076],[15.944222629000024,52.08529667600004],[15.984840062000046,52.067839081000045],[15.997603808000065,52.05053877100005],[15.969538642000032,52.02935770500005],[15.969096212000068,52.01200237000006],[16.012740536000024,51.98327013200003],[16.05694561000007,51.978656785000055],[16.101024789000064,51.99285009700003],[16.120720383000048,51.98904098300005],[16.132586657000047,51.96618363200008],[16.132421136000062,51.92603952200005],[16.11265486900004,51.89610963500007],[16.156255636000026,51.891550179000035],[16.20639591500003,51.873269754000034],[16.260196457000063,51.89784180600003],[16.33525997000004,51.88384768600008],[16.34758520500003,51.864923469000075],[16.39411893700003,51.835825028000045],[16.395748044000072,51.795415836000075],[16.416191,51.784864999000035],[16.381176271000072,51.764276101000064],[16.34936198500003,51.71334478600005],[16.28269113500005,51.68779551700004],[16.266626595000048,51.670144708000066],[16.21222715700003,51.712541549000036],[16.16896414400003,51.71536728900003],[16.168855910000048,51.760936558000026],[16.094792362000078,51.76872621700005],[16.04086775600007,51.78425654800003],[16.019855395000036,51.80084612200005],[15.982989462000035,51.79977141300003],[15.974602954000034,51.787954798000044],[15.986966503000076,51.77577795700006],[15.974527203000036,51.76590570900004],[15.966670168000064,51.74150183800003],[15.895628614000032,51.72745274500005],[15.871225542000047,51.71425881700003],[15.845488322000051,51.674895409000044],[15.850819670000021,51.65368089400005],[15.823062356000037,51.61305095800003],[15.818515046000073,51.57643686800003],[15.710185575000025,51.554429242000026],[15.71403250000003,51.51739699900003],[15.679771945000027,51.51003242500008],[15.657602410000038,51.47775107600006],[15.631800397000063,51.47385714300003],[15.596714038000073,51.449260406000064],[15.585160318000078,51.45457394500005],[15.58887022600004,51.47220686900005],[15.49475712900005,51.52324842400003],[15.47595289700007,51.51487835100005],[15.443169580000074,51.52580876400003],[15.392419583000049,51.52837206000004],[15.36957551300003,51.49983982600003],[15.378340825000066,51.473212957000044],[15.338391202000025,51.467425010000056],[15.32780529300004,51.41012789200005],[15.255018316000076,51.44642431400007],[15.206298359000073,51.44650535100004],[15.199784352000052,51.46039888400003],[15.189472099000056,51.46258614200008],[15.089176293000037,51.424577921000036],[15.071773798000038,51.39932072900007],[15.021217298000067,51.39208810900004],[15.007842809000067,51.36514576900004],[14.974183,51.363949999000056],[14.979060005000065,51.37369689700006],[14.96242382500003,51.393863202000034],[14.97125598100007,51.44165468300008],[14.949105724000049,51.46816482600008],[14.91513326200004,51.48222441200005],[14.85226653500007,51.49124272600005],[14.794642414000066,51.51672005900008],[14.738778265000064,51.526439045000075],[14.715228336000052,51.561558622000064],[14.729862,51.581776999000056],[14.763236902000074,51.60952609900005],[14.753243348000069,51.66567190300003],[14.733979420000026,51.68722719400006],[14.666943917000026,51.728913816000045],[14.645461528000055,51.79238435500008],[14.605104873000073,51.806733991000044],[14.591164186000071,51.82535867400003],[14.612763040000061,51.85483020100003],[14.690667104000056,51.902322920000074],[14.71891550600003,51.946078526000065],[14.707159906000072,51.972240999000064],[14.716716,52.00118799900008],[14.742852913000036,52.02838933000004],[14.755227,52.070024999000054],[14.684010555000043,52.11617074900005],[14.681904417000055,52.14122011100005],[14.700711072000047,52.16937509200005],[14.691844790000061,52.19507060500007],[14.708967347000055,52.21834969900004],[14.708899704000032,52.23819704400006],[14.685540142000036,52.25621586600005],[14.600891500000046,52.27205199900004],[14.57877731700006,52.288834258000065],[14.581372934000058,52.31100521600007],[14.563389376000032,52.33033276700007],[14.54957702400003,52.375763420000055],[14.534362,52.39500799900003],[14.550029046000077,52.430076591000045],[14.601799063000044,52.45882633200006],[14.632686050000075,52.49434533500005],[14.613310013000046,52.51265712000003],[14.606432135000034,52.53195415700003],[14.63509053200005,52.57403665600003],[14.597071750000055,52.60885572400008],[14.565063,52.62449699900003],[14.631231746000026,52.65634711900003],[14.700192917000038,52.63357701400008],[14.742149609000023,52.64444841900007],[14.788732406000065,52.69822701900006],[14.79708101500006,52.755105979000064],[14.859464456000069,52.79495557300004],[14.856987562000029,52.82709848400003],[14.869186570000068,52.844309862000046],[14.89959669700005,52.83640913100004],[14.914062487000024,52.84304962300007],[14.893085873000075,52.862268345000075],[14.914207555000075,52.88694905300008],[14.97379909600005,52.86676524600006],[14.99018337800004,52.84540656900003],[15.034222429000067,52.85914620800003],[15.078142366000066,52.832506531000035],[15.32455537100003,52.89603540500008],[15.328441705000046,52.90263748900003],[15.287752757000021,52.93976174100004],[15.289823304000038,52.955410603000075],[15.357164234000038,52.94395431100003],[15.417085588000077,52.98036518400005],[15.422386983000024,52.98358654700007],[15.547692316000052,53.01211572200003],[15.574775171000056,52.98853776300007],[15.622640611000065,52.98036518400005],[15.638214925000057,52.98036518400005],[15.682859592000057,52.99600908100007],[15.741617907000034,52.99140622200008],[15.770264360000056,53.00361822500008],[15.774430023000036,53.01535893200003],[15.767103440000028,53.02575865800003],[15.80069727700004,53.045726728000034],[15.797346774000061,53.05816949600006],[15.817213486000071,53.06649582800003],[15.816425043000038,53.08391449700008],[15.85419033200003,53.09365077800004],[15.851617401000055,53.11431347600006],[15.868593335000071,53.11926595600005],[15.907291392000047,53.12244470100006],[15.979097764000073,53.10866338500006],[15.995117708000066,53.07901562900008],[15.985376427000062,53.05701495300008],[15.96249750000004,53.04138099900007],[15.950963579000074,52.99277880800008]]]]}},{"type":"Feature","properties":{"NUTS_ID":"PL41","NUTS_NAME":"Wielkopolskie"},"geometry":{"type":"MultiPolygon","coordinates":[[[[16.892248,53.65586899900006],[16.89968785800005,53.62102126000008],[16.927409687000022,53.59246782200006],[16.936737696000023,53.58285998800005],[16.95221588000004,53.549058900000034],[16.996854996000025,53.550045159000035],[17.003232017000073,53.53804839000003],[16.99648067100003,53.52672983300005],[17.003639364000037,53.519607085000075],[17.05272257200005,53.520001568000055],[17.095167873000037,53.54100966900006],[17.158266509000043,53.52942029900004],[17.269887639000046,53.536068655000065],[17.34004519000007,53.49840630600005],[17.390653,53.49096399900003],[17.383808928000064,53.47221022400004],[17.297522534000052,53.419959626000036],[17.289961085000073,53.39965954500008],[17.25084887500003,53.37574292100004],[17.263866478000068,53.36180709400003],[17.33645450700004,53.345618597000055],[17.396079346000022,53.28925284600007],[17.43879350000003,53.26751449900007],[17.409601234000036,53.23058831800006],[17.337695267000072,53.21064581500008],[17.344938334000062,53.16284018500005],[17.37567855100002,53.13991413700006],[17.358517505000066,53.123786177000056],[17.35133761700007,53.08986874100003],[17.330113763000043,53.07274049700004],[17.329167349000045,53.02762725200006],[17.31017130200007,52.99767348900008],[17.32435328300005,52.98036518400005],[17.41055658500005,52.97393944200007],[17.477838312000074,52.948937870000066],[17.510991863000072,52.92273799800006],[17.52196008800007,52.86693693600006],[17.51166205900006,52.82709848400003],[17.505015335000053,52.80138529300007],[17.484749153000053,52.78922103900004],[17.442336864000026,52.788601881000034],[17.41769473900007,52.77421517700003],[17.42351425000004,52.75619367200005],[17.458523,52.73894799900006],[17.48269635500003,52.72449269200007],[17.48642082500004,52.70756983800004],[17.474233711000068,52.686263921000034],[17.51135002700005,52.675899565000066],[17.584524634000047,52.702426624000054],[17.63000988600004,52.70200555000008],[17.640234746000033,52.68978698700005],[17.636454848000028,52.65459492300005],[17.674928717000057,52.64474915300008],[17.685486559000026,52.60761624400004],[17.73762447200005,52.62946134200007],[17.732649197000057,52.64180076700006],[17.739106308000032,52.64860057200008],[17.757576055000072,52.651057922000064],[17.772802513000045,52.640101282000046],[17.800077772000066,52.64671939600004],[17.88240084800003,52.62583072100006],[17.90696620600005,52.609020387000044],[17.914147108000066,52.58267317100007],[17.981282735000036,52.567066631000046],[17.99361947600005,52.547132728000065],[18.013443663000032,52.55315059800006],[18.053812725000057,52.54603646800007],[18.092049200000076,52.550119804000076],[18.09998332300006,52.54294942700005],[18.095218946000045,52.52579943400008],[18.101779431000068,52.51731972400006],[18.192696648000037,52.50261344100005],[18.213945789000036,52.48465212700006],[18.265410012000075,52.48583858100005],[18.332208465000065,52.51644857500003],[18.349954053000033,52.53860175900007],[18.377150500000027,52.53746349900007],[18.38301393300003,52.528766303000054],[18.378276414000027,52.50189588300003],[18.389603254000065,52.47333613500007],[18.459334048000073,52.47870770800006],[18.49152792900003,52.50277024500008],[18.528148885000064,52.497327304000066],[18.556312929000057,52.482322486000044],[18.56581456600003,52.46415490000004],[18.594863531000044,52.466211162000036],[18.64603326200006,52.44970495500007],[18.657493312000042,52.426510628000074],[18.678014863000044,52.41990145400007],[18.683207525000057,52.40283522500005],[18.71055053400005,52.39867693100007],[18.750709930000028,52.36136886300005],[18.758826817000056,52.33393537100005],[18.809948038000073,52.35014976000008],[18.843903649000026,52.346440244000064],[18.904980951000027,52.36510947600004],[18.925690994000036,52.37977567200005],[18.925601279000034,52.39645400100005],[18.972989812000037,52.373772716000076],[18.97264279700005,52.35714240600004],[19.000924200000043,52.35070722900008],[19.01924695400004,52.33589706400005],[19.04712,52.33280399900008],[19.038460905000022,52.310258805000046],[19.040246851000063,52.27597083200004],[19.087350196000045,52.26983994200003],[19.100068133000036,52.257107243000064],[19.098216465000064,52.24485175900003],[19.078406748000077,52.22958352000006],[19.08196408500004,52.20909621100003],[18.993950722000022,52.21212417000004],[18.931704894000063,52.19586141900004],[18.91115434900007,52.14122011100005],[18.918192503000057,52.12908152800003],[18.944916400000068,52.12311323800003],[18.943815615000062,52.10718951500007],[18.92167477000004,52.08046787400008],[18.858523149000064,52.08559762300007],[18.827809,52.06418799900007],[18.784628980000036,52.062111678000065],[18.750197040000046,52.07394411700005],[18.720792155000026,52.06383661500007],[18.71791635900007,52.035715468000035],[18.730546566000044,52.00453922200006],[18.721315280000056,51.99256179500003],[18.73075532000007,51.97542890700004],[18.718896759000074,51.96571118500003],[18.73742795800007,51.958669102000044],[18.745697282000037,51.93791585200006],[18.764490539000064,51.926147910000054],[18.72152129400007,51.87406114300006],[18.700590694000027,51.86464190700008],[18.68419071900007,51.82351523900007],[18.619058815000074,51.833637803000045],[18.592689938000035,51.846846268000036],[18.521843328000045,51.836021204000076],[18.50426515500004,51.852144114000055],[18.471965500000067,51.85100549900005],[18.465021725000042,51.82503974100007],[18.44569834600003,51.823714875000064],[18.43873393000007,51.79810814600006],[18.41660661700007,51.78977326900008],[18.42886745100003,51.76382275800006],[18.41766117900005,51.74919106600004],[18.41991880100005,51.73010402500006],[18.404812615000026,51.72201106800003],[18.410040249000076,51.70389363100003],[18.358441698000036,51.66853388100003],[18.37817621800008,51.64923719900003],[18.353572538000037,51.63006350500007],[18.364987045000078,51.61807707500003],[18.353506828000036,51.60325161500003],[18.373466114000053,51.59505765500006],[18.370248658000037,51.54772967700006],[18.362298133000024,51.535426966000045],[18.37954325800007,51.51363585100006],[18.38013651400007,51.47782471100004],[18.359866757000077,51.46614346900003],[18.32608444500005,51.42172870200005],[18.215684037000074,51.452163331000065],[18.19700329400007,51.441246516000035],[18.20870872000006,51.42365740100007],[18.19365526100006,51.39059015500004],[18.15112823900006,51.38937233300004],[18.129973095000025,51.36054690200007],[18.09902349400005,51.36067416100008],[18.079449926000052,51.35042832900007],[18.110137158000043,51.30950881900003],[18.108426880000025,51.26478916000008],[18.169430559000034,51.26707402100004],[18.177418851000027,51.22443837600008],[18.163794753000047,51.20364383000003],[18.172130792000075,51.18856936600008],[18.163681500000052,51.17251699900004],[18.131579025000065,51.17013823600007],[18.103842459000077,51.15583486100007],[18.07868827300007,51.16339766700003],[18.069401756000047,51.145016328000054],[18.042588914000078,51.13289293200006],[17.939456,51.10886499900005],[17.887726359000055,51.10516172100006],[17.82623957900006,51.11946098200008],[17.819401705000075,51.13597901000003],[17.83481087900003,51.14460972000006],[17.84744174800005,51.17905788100006],[17.832223414000055,51.191599265000036],[17.795269500000074,51.19414599900006],[17.765148623000073,51.207385110000075],[17.744686497000032,51.245983953000064],[17.742939098000022,51.27596808000004],[17.761942505000036,51.29958476500008],[17.759787654000036,51.31900663300007],[17.707811083000024,51.36560267700003],[17.734369290000075,51.39643918000007],[17.752029139000058,51.402322808000065],[17.748562032000052,51.41220330700003],[17.721579107000025,51.42050332800005],[17.715999417000035,51.405265575000044],[17.703912048000063,51.40127752600006],[17.637357950000023,51.421639807000076],[17.571501804000036,51.40662253900007],[17.544900834000032,51.420282917000065],[17.548691292000058,51.43865286600004],[17.524881281000035,51.46197683200006],[17.516146112000058,51.506846290000055],[17.57279106200002,51.533720661000075],[17.572292794000077,51.56105198800003],[17.554099305000022,51.583159927000054],[17.449168411000073,51.63041921000007],[17.32905240100007,51.64729066500007],[17.257433,51.64284299900004],[17.21474876700006,51.625143940000044],[17.206511633000048,51.56998924800007],[17.18737634300004,51.574594672000046],[17.131240369000068,51.566367746000026],[17.103538737000065,51.574612597000055],[17.069536296000024,51.56672426600005],[17.056870996000043,51.548079339000026],[17.035666133000063,51.55546247600006],[16.970073391000028,51.54572428100005],[16.924111064000044,51.55512785600007],[16.88804529300006,51.57976144500003],[16.828372,51.57218799900005],[16.772230449000062,51.61669440600008],[16.777988890000074,51.64164138500007],[16.68737195600005,51.64758870000003],[16.646323859000063,51.662092475000065],[16.643485704000057,51.68075683500007],[16.67863955300004,51.703839919000075],[16.64595914000006,51.723559685000055],[16.640147728000045,51.74628290000004],[16.589884346000076,51.749510059000045],[16.575541462000047,51.766232297000045],[16.546153970000034,51.76772213700008],[16.536963721000063,51.78089611000007],[16.416191,51.784864999000035],[16.395748044000072,51.795415836000075],[16.39411893700003,51.835825028000045],[16.34758520500003,51.864923469000075],[16.33525997000004,51.88384768600008],[16.260196457000063,51.89784180600003],[16.20639591500003,51.873269754000034],[16.156255636000026,51.891550179000035],[16.11265486900004,51.89610963500007],[16.132421136000062,51.92603952200005],[16.132586657000047,51.96618363200008],[16.120720383000048,51.98904098300005],[16.101024789000064,51.99285009700003],[16.05694561000007,51.978656785000055],[16.012740536000024,51.98327013200003],[15.969096212000068,52.01200237000006],[15.969538642000032,52.02935770500005],[15.997603808000065,52.05053877100005],[15.984840062000046,52.067839081000045],[15.944222629000024,52.08529667600004],[15.909864076000076,52.073226383000076],[15.846485354000038,52.09989843400007],[15.845020699000031,52.108313648000035],[15.871906679000062,52.14122011100005],[15.879320913000072,52.150294589000055],[15.859983336000028,52.176930139000035],[15.853203648000033,52.21171534900003],[15.857216100000073,52.26177699700003],[15.880810500000052,52.29042949900003],[15.888492478000046,52.313160535000065],[15.88391092300003,52.348469427000055],[15.89756084000004,52.388144186000034],[15.845081510000057,52.40441471400004],[15.807923905000052,52.440601740000034],[15.823610392000035,52.44851361700006],[15.842745062000063,52.43356597400003],[15.873832339000046,52.438781223000035],[15.894165403000045,52.44988294400008],[15.889433821000068,52.47746733000008],[15.87076049500007,52.50896440000008],[15.840196441000046,52.526182808000044],[15.854258568000034,52.546995268000046],[15.827648182000075,52.570329085000026],[15.828429644000039,52.58678565000008],[15.790721021000024,52.61287536800006],[15.79382836700006,52.63149784900003],[15.778534463000028,52.64309628800004],[15.787032428000032,52.66471810000007],[15.81195672900003,52.67219359600006],[15.797833213000047,52.70672180000008],[15.90634932000006,52.71592255100006],[15.943096850000074,52.731501699000034],[15.946907,52.75489599900004],[15.92945448000006,52.77874466700007],[15.933212338000033,52.80003175300004],[15.902351366000062,52.80808968000008],[15.895534802000043,52.81742551600007],[15.901752443000078,52.82709848400003],[15.907523532000027,52.83607673900008],[15.933220984000059,52.83558432400008],[15.96928323800006,52.859356578000074],[15.976202458000046,52.87972616900004],[15.970306381000057,52.897879465000074],[15.976051121000069,52.93582059100004],[15.956431224000028,52.98036518400005],[15.950963579000074,52.99277880800008],[15.96249750000004,53.04138099900007],[16.116570927000055,53.012512522000065],[16.260351339000067,53.04730214800003],[16.310924317000058,53.03796016500007],[16.36005415300002,53.07817539900003],[16.34981109900002,53.11036276300007],[16.390146154000035,53.13330641700003],[16.398195916000077,53.15950256500008],[16.422623372000032,53.15141319300005],[16.46971331900005,53.16764928100008],[16.496593912000037,53.16568525400004],[16.53356270000006,53.20163917000008],[16.535952330000043,53.216454276000036],[16.56223479500005,53.230207679000046],[16.592599949000032,53.22703658200004],[16.613168759000075,53.20928305100006],[16.629980768000053,53.21753011200008],[16.627113847000032,53.23058831800006],[16.640500417000055,53.26178423500005],[16.696767710000074,53.302917517000026],[16.62292350200005,53.34485870000003],[16.561280517000057,53.355604836000055],[16.483275237000043,53.38821722800003],[16.450701538000033,53.44242623200006],[16.46176808000007,53.45763536700008],[16.442252191000023,53.46280353100008],[16.450099721000072,53.48066437400007],[16.458019058000048,53.485849546000054],[16.49932467600007,53.47247327100007],[16.65084188700007,53.48889464900003],[16.719163644000048,53.52722925100005],[16.74262720200005,53.59246782200006],[16.744618804000027,53.59800531600007],[16.762982067000053,53.62155110700007],[16.78662240500006,53.62858514900006],[16.821069437000062,53.638834659000054],[16.846349109000073,53.63178766100003],[16.892248,53.65586899900006]]]]}},{"type":"Feature","properties":{"NUTS_ID":"PL82","NUTS_NAME":"Podkarpackie"},"geometry":{"type":"MultiPolygon","coordinates":[[[[22.15653136900005,50.77319351500006],[22.20118789600008,50.75287386400004],[22.151353810000046,50.67000587500007],[22.218802582000023,50.66069602500005],[22.253883203000044,50.62204289400006],[22.32657501500006,50.61688914300004],[22.416672022000057,50.58266359900006],[22.459644482000044,50.590084768000054],[22.48895555300004,50.58075555700003],[22.519738,50.58323349900007],[22.532839540000055,50.56080078100007],[22.524099869000054,50.53400334000003],[22.53757956800007,50.513458710000066],[22.561064673000033,50.50100060600005],[22.54760054700006,50.48232487700005],[22.563284844000066,50.46979313800006],[22.537287760000027,50.45420870000004],[22.509127687000046,50.461874883000064],[22.45796580700005,50.45984720800004],[22.44896329200003,50.43149263600003],[22.418786990000058,50.41880083400008],[22.412743738000074,50.40526646300003],[22.443890614000054,50.38925270900006],[22.467702494000036,50.36328627600005],[22.504481930000054,50.349698818000036],[22.562900410000054,50.35649026300007],[22.675931949000073,50.35266629800003],[22.668739851000055,50.34126460200008],[22.615578593000066,50.323359638000056],[22.617314340000064,50.31180840600007],[22.638222,50.30307749900004],[22.705897667000045,50.29313488100007],[22.72558282500006,50.29771978100007],[22.745472911000036,50.30235241100007],[22.808318417000066,50.302138350000064],[23.020951747000026,50.28840057200006],[23.180812788000026,50.39283673600005],[23.214497481000024,50.38762700400008],[23.255701104000025,50.364313451000044],[23.32052907900004,50.390862500000026],[23.36504638400004,50.40909370500003],[23.384243294000044,50.40399273400004],[23.36922613100006,50.39289037700007],[23.380076762000044,50.37051836400008],[23.432812031000026,50.343718859000035],[23.41482180500003,50.30774096600004],[23.51308881400007,50.29581983200006],[23.50641214600006,50.28369357200006],[23.51237512800003,50.263716256000066],[23.547642,50.25160199900006],[23.47082595300003,50.21716056500003],[23.32052907900004,50.122574317000044],[23.282737231000056,50.09879079400008],[22.998595615000056,49.84585914400003],[22.97005364300003,49.83483754900004],[22.95658910700007,49.80399487100004],[22.90780049700004,49.772741445000065],[22.840502773000026,49.70600294600007],[22.798129928000037,49.68571339200008],[22.778266165000048,49.65365826400006],[22.72558282500006,49.60762286100004],[22.686149500000056,49.57316549900003],[22.671206960000063,49.54677768500005],[22.644350216000078,49.52487217800007],[22.657444403000056,49.50523865900004],[22.69948491200006,49.48793938000006],[22.72558282500006,49.41789398600008],[22.730741485000067,49.40404841900005],[22.74440454100005,49.36737751000004],[22.749026584000035,49.317107357000054],[22.73904230200003,49.252472382000064],[22.72558282500006,49.23834948800004],[22.717441914000062,49.22980731300004],[22.72558282500006,49.22501795200003],[22.742064508000055,49.21532164900003],[22.72558282500006,49.19338055500003],[22.71111889200006,49.174125573000026],[22.719723307000038,49.16855584000007],[22.72558282500006,49.17094875200007],[22.75069202800006,49.18120286000004],[22.74522769300006,49.15672956700007],[22.78255285000006,49.15544924000005],[22.83208240400006,49.11370212200006],[22.887411,49.09482094700007],[22.867690975000073,49.064020791000075],[22.87104066200004,49.04031794500003],[22.890894587000048,49.01233270400007],[22.849492006000048,49.00421343200003],[22.833299316000023,49.02301475400003],[22.771880896000027,49.05089186300006],[22.75153613300006,49.04463234600007],[22.72558282500006,49.048879913000064],[22.711638246000064,49.051162109000074],[22.680837825000026,49.04122687000006],[22.648362508000048,49.05387582100008],[22.62715436600007,49.07704697500003],[22.59532596500003,49.09359719300005],[22.56684,49.088377499000046],[22.496860565000077,49.08813587900005],[22.46370970600003,49.100252484000066],[22.42167179200004,49.100733760000026],[22.365662626000073,49.144879744000036],[22.315040623000073,49.137387699000044],[22.231391403000032,49.15354138600003],[22.23283917400005,49.173367076000034],[22.22412065700007,49.18182770800007],[22.189772551000033,49.17619971000005],[22.137194892000025,49.19948788000005],[22.05653786000005,49.21418058000006],[22.032983196000032,49.22751355100007],[22.038386368000033,49.25435890600005],[22.030718964000073,49.27844322300007],[21.987004845000058,49.30815647400004],[21.963403894000066,49.34522598800004],[21.902680617000044,49.35274516900006],[21.882259146000024,49.37015189500005],[21.857579088000023,49.37176928200006],[21.837585885000067,49.38987866800005],[21.823561940000047,49.38540479100004],[21.798321704000045,49.37735272700007],[21.783027710000056,49.35670737000004],[21.76026037400004,49.38340829200007],[21.72926967500007,49.40404841900005],[21.719672536000076,49.41044021400006],[21.666237249000062,49.41557508000005],[21.628285548000065,49.44522608700004],[21.444142921000036,49.413129954000055],[21.39771250000007,49.433793999000045],[21.39483524800005,49.45256809600005],[21.406542958000045,49.468677350000064],[21.39378002600006,49.48576127200005],[21.414546508000058,49.49725703400003],[21.39020621800006,49.51638085400003],[21.383753745000035,49.53388185800003],[21.364410504000034,49.54452668500005],[21.375123796000025,49.56902424900005],[21.33176288900006,49.59218589000005],[21.360404152000058,49.635339748000035],[21.344148387000075,49.661103034000064],[21.345067330000063,49.68985145200003],[21.324270931000058,49.70078879400006],[21.328089207000062,49.718110909000075],[21.313104345000056,49.74442107200008],[21.259721840000054,49.75437422500005],[21.241772,49.77610449900004],[21.277784084000075,49.80201553000006],[21.309743128000036,49.79788537200005],[21.339409990000036,49.81187094300003],[21.33462104000006,49.825940444000025],[21.297149500000046,49.84286399900003],[21.25289777000006,49.842425321000064],[21.227078582000047,49.85555670800005],[21.229531586000064,49.88340278800007],[21.281110230000024,49.89665414800004],[21.28628950500007,49.91084224300005],[21.28037181700006,49.92437505000004],[21.181286967000062,49.93048542300005],[21.16451010000003,49.94791724900006],[21.150608168000076,49.98291728000004],[21.15443416900007,50.00072753500007],[21.189567684000053,50.02755399500006],[21.149248619000048,50.051245418000065],[21.17432170400008,50.07589878400006],[21.166750730000047,50.088169092000044],[21.185767602000055,50.09995377900003],[21.182057162000035,50.120177700000056],[21.151329935000035,50.13101264800008],[21.163634340000044,50.13992367600008],[21.155384019000053,50.15067073700004],[21.16699043400007,50.17309900200007],[21.169172278000076,50.20644989900006],[21.146867602000043,50.23569828700005],[21.168719536000026,50.24056027200004],[21.149416879000057,50.258111721000034],[21.188566997000066,50.29963635900003],[21.219496138000068,50.31203088900003],[21.20883150000003,50.35489749900006],[21.314925335000055,50.42267663200005],[21.441276282000047,50.456106684000076],[21.44941506300006,50.465805706000026],[21.44582116500004,50.48460255300006],[21.45532006600007,50.49292338500004],[21.55160182000003,50.519365049000044],[21.603700246000074,50.522597595000036],[21.651551853000058,50.567666244000065],[21.675530300000048,50.608718526000075],[21.723678343000074,50.643178859000045],[21.75081036100005,50.65240017500008],[21.776806974000067,50.64729821000003],[21.790147809000075,50.67972211800003],[21.819916610000064,50.693247143000065],[21.823561940000047,50.70223663300004],[21.864303500000062,50.80270649900007],[21.881573739000032,50.780288330000076],[21.943034450000027,50.77246672100006],[21.971158739000032,50.78532830200004],[21.99698062300007,50.786047488000065],[22.055322601000057,50.818826312000056],[22.15626450600007,50.79799770600005],[22.15653136900005,50.77319351500006]]]]}},{"type":"Feature","properties":{"NUTS_ID":"PL84","NUTS_NAME":"Podlaskie"},"geometry":{"type":"MultiPolygon","coordinates":[[[[23.058105569000077,54.310835885000074],[23.095923251000045,54.30085779600006],[23.145852930000046,54.31191129500007],[23.16316386400007,54.29633546600007],[23.202580282000042,54.28588093800005],[23.241237543000068,54.26055472500008],[23.321498500000075,54.253325999000026],[23.38382702800004,54.225208112000075],[23.426072522000027,54.17983807300004],[23.45623212600003,54.17406403700005],[23.487430318000065,54.148148767000066],[23.49503753700003,54.118605209000066],[23.526900538000064,54.06360535600004],[23.52295283500007,54.03324708300005],[23.514766708000025,54.02551878400004],[23.48379384100008,53.996278147000055],[23.49150538400005,53.97583497000005],[23.51465,53.956559999000035],[23.511589,53.915868499000055],[23.526105208000047,53.86884135100007],[23.524764181000023,53.86277339700007],[23.535490508000066,53.857676292000065],[23.54734953600007,53.856123239000055],[23.551130043000057,53.85118476100007],[23.545531448000077,53.84575711900004],[23.551774269000077,53.84065176300004],[23.548780822000026,53.835375887000055],[23.553458294000052,53.83121548500003],[23.546453,53.82633099900005],[23.544823144000077,53.796300289000044],[23.549005513000054,53.76883318100005],[23.582107996000047,53.74317442500006],[23.585718789000055,53.72705362100004],[23.58546824000007,53.70580895900008],[23.588702,53.69592849900005],[23.592999380000037,53.68533687100006],[23.630679475000022,53.59246782200006],[23.65554276900008,53.53118797700006],[23.68878456500005,53.47221022400004],[23.813857317000043,53.25179163200005],[23.853042455000036,53.23058831800006],[23.865243485000065,53.19845097700005],[23.912324822000073,53.15720583700005],[23.876881018000063,53.08499175500003],[23.924676482000052,53.01980901700006],[23.936487156000055,52.98036518400005],[23.940054162000024,52.968452539000054],[23.918982886000038,52.93486067500004],[23.916239,52.90481199900006],[23.92522486000007,52.89186980300008],[23.92573082800004,52.83303267000008],[23.928789637000023,52.82709848400003],[23.939094621000038,52.80710649300005],[23.933568337000054,52.71114484800006],[23.891811545000053,52.68190740400007],[23.76099152300003,52.61684324300006],[23.638291733000074,52.606263365000075],[23.592999380000037,52.594131735000076],[23.54112851600007,52.58023803900005],[23.470035936000045,52.55026605900008],[23.355575696000074,52.467593298000054],[23.32052907900004,52.431120081000074],[23.178338,52.28314099900007],[23.128409,52.28784149900008],[23.10731848200004,52.295527684000035],[23.060359576000053,52.28578895000004],[23.042460770000048,52.32360872300006],[22.994867703000068,52.336694574000035],[22.944540201000052,52.36967780700007],[22.847112993000053,52.36114903200007],[22.75960683200003,52.37997913400005],[22.72558282500006,52.37140820400003],[22.702202902000067,52.39180825500006],[22.581813745000034,52.39645751300003],[22.545088392000025,52.42490382200003],[22.549864180000043,52.46416802500005],[22.53052591000005,52.465249991000064],[22.513147570000058,52.48298589700005],[22.521057709000047,52.524424096000075],[22.455760246000068,52.58497199800007],[22.408589,52.60968999900007],[22.443781818000048,52.62430263200008],[22.459068622000075,52.642452854000055],[22.438397872000053,52.69359519300008],[22.45638145500004,52.76814772300003],[22.450967843000058,52.78499860200003],[22.388670004000062,52.792386117000035],[22.37611957000007,52.779383092000046],[22.34625373600005,52.77185799000006],[22.33239377500007,52.747668737000026],[22.311271528000077,52.75057167800003],[22.300094288000025,52.774312673000054],[22.280446227000027,52.786772453000026],[22.25326156400007,52.82709848400003],[22.29916250900004,52.84594859900005],[22.277607284000055,52.87971719700005],[22.219563970000024,52.88047279300008],[22.19892419300004,52.85669109500003],[22.146286237000027,52.84777702300005],[22.047398716000032,52.85277711300006],[22.030328675000078,52.87843915600007],[22.00510928800003,52.89276176200008],[22.000320626000075,52.91607153900003],[22.018217667000044,52.938450283000066],[21.99779361800006,52.966297276000034],[21.925155526000026,52.98961677200003],[21.887049103000038,53.01355624900003],[21.899577489000023,53.03757770800007],[21.926036495000062,53.04557454800005],[21.92864030800007,53.07037745700006],[21.873303348000036,53.06309713100006],[21.810031166000044,53.10873557300005],[21.73897361300004,53.11318119400005],[21.705819598000062,53.133088533000034],[21.698259665000023,53.16825119300006],[21.64412750100007,53.259187903000054],[21.66285479900006,53.30844445100007],[21.70922196500004,53.30847036500006],[21.71784143600007,53.31508497000004],[21.664527484000075,53.340615194000065],[21.67219076400005,53.36781259000003],[21.612969233000058,53.43610497900005],[21.60599581200006,53.465227586000026],[21.612953,53.48083349900003],[21.697083185000054,53.49119783900005],[21.823561940000047,53.465891430000056],[21.840592995000065,53.46147576300007],[21.859220810000068,53.459097116000066],[21.88135535400005,53.461833686000034],[21.890748649000045,53.46654786900007],[21.895967898000038,53.47221022400004],[21.90672760800004,53.49526886400008],[21.93108425400004,53.50916860700005],[21.991768060000027,53.519992331000026],[22.028664762000062,53.49930676000008],[22.062309120000066,53.52977550300005],[22.135728,53.54453999900005],[22.192794976000073,53.56619651800003],[22.23595457600004,53.59246782200006],[22.28348115800003,53.62139731500008],[22.328246739000065,53.63322961500006],[22.36564643500003,53.65694914900007],[22.423480642000072,53.67880339900006],[22.46410632900006,53.66492727000008],[22.475738938000063,53.69741932900007],[22.51593684100004,53.69959526400004],[22.58024217800005,53.729426526000054],[22.60652602500005,53.72021370600004],[22.629322666000064,53.75332233800003],[22.681803410000043,53.75769735600005],[22.704585386000076,53.770470816000056],[22.724547792000067,53.80212322500006],[22.72558282500006,53.80885885400005],[22.72917234700003,53.83221820700004],[22.779772497000067,53.86998109600006],[22.778746090000027,53.92052393100005],[22.72558282500006,53.95595296300007],[22.69896220800007,53.97369345800007],[22.669225093000023,54.02551878400004],[22.603357996000057,54.05639998500004],[22.605094207000036,54.07753850100005],[22.631453730000032,54.10284044100007],[22.599397015000022,54.138643459000036],[22.547580768000046,54.14314915800003],[22.48461740500005,54.20199416500003],[22.539243069000065,54.24829027700008],[22.611492292000037,54.26404430700006],[22.643168545000037,54.28327208500008],[22.697526582000023,54.27825080300005],[22.72558282500006,54.28466879000007],[22.776386200000047,54.296290283000076],[22.788293361000058,54.31623206800003],[22.785713249000025,54.33179698100008],[22.80006404100004,54.34632044500006],[22.792095500000073,54.36335899900007],[22.85280302700005,54.40820239200008],[22.975068556000053,54.389709725000046],[23.002550404000033,54.380175809000036],[23.006184375000032,54.358861363000074],[23.05376275800006,54.343046650000076],[23.047881645000075,54.32032888700007],[23.058105569000077,54.310835885000074]]]]}},{"type":"Feature","properties":{"NUTS_ID":"PL91","NUTS_NAME":"Warszawski stołeczny"},"geometry":{"type":"MultiPolygon","coordinates":[[[[20.89953816700006,52.593776853000065],[20.911118384000076,52.57112980900007],[20.930469500000072,52.558939999000074],[20.966903590000072,52.55678858500005],[20.981857561000027,52.539916050000045],[21.01619391400004,52.54274128800006],[21.042494050000073,52.53516605000004],[21.054797093000047,52.53875881500005],[21.057149383000024,52.54956576700005],[21.11684656600005,52.562012785000036],[21.121797,52.55358799900006],[21.123712488000024,52.53615503200007],[21.158315165000033,52.51400965600004],[21.21932989000004,52.53205458600007],[21.299660635000066,52.530687199000056],[21.318540803000076,52.50589036100007],[21.348953220000055,52.499826143000064],[21.38768587000004,52.471533140000076],[21.42101315000008,52.46576551700008],[21.51981170700003,52.48293898800006],[21.54115733200007,52.50751478300003],[21.564544443000045,52.515093515000046],[21.561315285000035,52.54829075500004],[21.596811500000058,52.55323149900005],[21.635569089000057,52.51847462000006],[21.693605340000033,52.51048767100008],[21.722249517000023,52.49015616600008],[21.725009227000044,52.46312407200003],[21.69376942400004,52.44910882800008],[21.708986222000078,52.40617434300003],[21.77799778800005,52.34728525100007],[21.745342573000073,52.32154994000007],[21.774621676000038,52.30397549200006],[21.802053638000075,52.26722812100007],[21.85426992400005,52.24608904400003],[21.869082478000053,52.22029347800003],[21.92316096600007,52.225096532000066],[21.932461756000066,52.20889713300005],[21.909334047000073,52.165887276000035],[21.934506889000033,52.14122011100005],[21.947922857000037,52.11008990700003],[21.970324472000073,52.08876455400008],[21.876372365000066,52.038736218000054],[21.882728257000053,52.01426365800006],[21.876471109000022,51.99061362300006],[21.834464068000045,51.992849464000074],[21.823561940000047,51.98675343300005],[21.80884374900006,51.97852361300005],[21.77701931000007,51.97600336000005],[21.664660818000073,52.022912887000075],[21.634934531000056,52.00759665800007],[21.579761019000046,52.03610608400004],[21.53493687200006,52.019040594000046],[21.50690103000005,51.98544454800003],[21.475932598000043,51.97678492600005],[21.481299098000022,51.951398450000056],[21.451805098000023,51.93273794500004],[21.475493982000046,51.90924925400003],[21.40079271600007,51.89698091200006],[21.317799985000022,51.90208389000003],[21.301896084000077,51.89286928400003],[21.299090229000058,51.87832224700003],[21.27580450000005,51.876791999000034],[21.23911,51.901630999000076],[21.211103136000077,51.89793467900006],[21.178425685000036,51.92601568500004],[21.09330658600004,51.938445657000045],[21.02897001100007,51.933619168000064],[20.96730401800005,51.911110490000056],[20.923866935000035,51.93381735500003],[20.843528527000046,51.93281924000007],[20.799349004000078,51.95448716100003],[20.75584452800007,51.94613778200005],[20.68795472900007,51.950707083000054],[20.635752128000036,51.93674602600004],[20.60094960500004,51.96951573800004],[20.615671070000076,52.04579865100004],[20.55992616900005,52.04830825500005],[20.53401346000004,52.049474830000065],[20.497788120000052,52.036028431000034],[20.473875150000026,52.03935669900005],[20.447369587000026,52.09873567200003],[20.412869553000064,52.14122011100005],[20.41089640100006,52.15816979400006],[20.398132178000026,52.166397044000064],[20.41491437600007,52.192142508000074],[20.482243397000047,52.17869505900006],[20.489497393000022,52.200181576000034],[20.486999576000073,52.23458961400007],[20.440794308000022,52.23912693800003],[20.418001140000058,52.22004276800004],[20.40787779900006,52.24315696300005],[20.377472148000038,52.233516318000056],[20.340334469000027,52.24361350400005],[20.32953896600003,52.28545281400005],[20.38200543100004,52.297068704000026],[20.394459263000044,52.30468005400007],[20.381208137000044,52.311481369000035],[20.383653179000078,52.320434042000045],[20.421223516000055,52.33475541000007],[20.420815275000052,52.36214466200005],[20.403999300000066,52.374119138000026],[20.404814,52.38434249900007],[20.492058419000045,52.42033216800007],[20.484118249000062,52.43383697400003],[20.489056611000024,52.44415014500004],[20.53980555000004,52.46501378700003],[20.55992616900005,52.46635384400008],[20.571989204000033,52.467157256000064],[20.584634865000055,52.50675998500003],[20.617890921000026,52.530382072000066],[20.610922579000032,52.56801088600008],[20.656010972000047,52.582393196000055],[20.661945236000065,52.59383232500005],[20.709598793000055,52.59180651200006],[20.718978938000078,52.617253531000074],[20.759569277000026,52.64291560500004],[20.85356428700004,52.634605445000034],[20.86321592200005,52.60981563300004],[20.89953816700006,52.593776853000065]],[[20.396162896000078,52.30284469400004],[20.408159441000066,52.294770097000026],[20.417470153000068,52.31051581500003],[20.401296444000025,52.30934211700003],[20.396162896000078,52.30284469400004]]],[[[20.673838657000033,51.92423538400004],[20.660005855000065,51.92333911400004],[20.64926640500005,51.92949773700008],[20.65308682400007,51.93296519800003],[20.675429162000057,51.93142162500004],[20.673838657000033,51.92423538400004]]]]}},{"type":"Feature","properties":{"NUTS_ID":"PL61","NUTS_NAME":"Kujawsko-pomorskie"},"geometry":{"type":"MultiPolygon","coordinates":[[[[18.25582876900006,53.740845569000044],[18.267639769000027,53.724902357000076],[18.26559412000006,53.70721290400007],[18.278312165000045,53.700325088000056],[18.381702206000057,53.68861424000005],[18.44812745400003,53.68929422800005],[18.50276321900003,53.70047960900007],[18.55909452700007,53.659568798000066],[18.58279585500003,53.67309041300007],[18.61963427300003,53.67571725500005],[18.66587930000003,53.69453009100005],[18.727105263000055,53.68753581000004],[18.766417726000043,53.693554334000055],[18.745398195000064,53.64571004900006],[18.761577500000044,53.60488199900004],[18.883387475000063,53.59923870500006],[18.903560076000076,53.59246782200006],[18.909583053000063,53.58029116700004],[18.928153850000058,53.58950945600003],[18.98081466600007,53.59246782200006],[19.05620674100004,53.59670318000008],[19.092862935000028,53.59246782200006],[19.12927650000006,53.58826049900006],[19.194940534000068,53.57085956800006],[19.192547770000033,53.550449455000035],[19.208124258000055,53.54399857100003],[19.216119668000033,53.52794741500003],[19.194208660000072,53.511660825000035],[19.23328471800005,53.47221022400004],[19.227754676000075,53.45706675300005],[19.242437555000038,53.45324737800007],[19.25068765000003,53.43030593800006],[19.237251136000054,53.414578118000065],[19.278625178000027,53.39107228700004],[19.294583431000035,53.39110542000003],[19.30888387500005,53.40913996100005],[19.373247238000033,53.41147539900004],[19.39262244500003,53.392248936000044],[19.43602905700004,53.375256397000044],[19.439712241000052,53.36027241700003],[19.473263510000038,53.36923737500007],[19.487070605000042,53.36302227500005],[19.515579884000033,53.368052754000075],[19.524966721000055,53.331161810000026],[19.63930511500007,53.34341198900006],[19.685885042000052,53.334955904000026],[19.68887571700003,53.30765850300003],[19.714721852000025,53.30097249800008],[19.722987455000066,53.27697768000007],[19.687329200000022,53.258293406000064],[19.691041201000075,53.23896044700007],[19.718078844000047,53.23058831800006],[19.745024057000023,53.22224481000006],[19.74081437600006,53.201143555000044],[19.761595500000055,53.151796499000056],[19.72455211600004,53.14063096800004],[19.706944923000037,53.12266374600006],[19.671309954000037,53.10891915500008],[19.63685892700005,53.10802721700003],[19.656493297000054,53.07047801400006],[19.64753378000006,53.060520507000035],[19.655327791000047,53.04265976800008],[19.68287071000003,53.02293286200006],[19.669180116000064,52.98757975700005],[19.673773864000054,52.98036518400005],[19.684806,52.96303899900005],[19.659912133000034,52.961888402000056],[19.579171934000044,52.98242005800006],[19.574409383000045,52.95962216100003],[19.535905228000047,52.94240916000007],[19.444664,52.93904249900004],[19.49848225900007,52.86874469500003],[19.43170862100004,52.83778375600008],[19.42936597000005,52.82709848400003],[19.428100006000022,52.82132418400005],[19.499484272000075,52.767038478000075],[19.514827796000077,52.746488611000075],[19.50463482200007,52.73070182500004],[19.511338712000054,52.712224426000034],[19.44782380600003,52.71960179100006],[19.436993726000026,52.67789751300006],[19.376426628000047,52.63299096900005],[19.418794452000043,52.605124414000045],[19.387064937000048,52.575264710000056],[19.345884199000068,52.56184789400004],[19.353258745000062,52.52716267400007],[19.37829021500005,52.51828561500008],[19.380621847000043,52.509655413000075],[19.317985428000043,52.452356277000035],[19.272330745000033,52.44216499400005],[19.29036995200005,52.42476972600008],[19.289184500000033,52.39271249900003],[19.215093780000075,52.36333541500005],[19.219339846000025,52.34373026500003],[19.195398263000072,52.35420169900004],[19.163720058000024,52.34369013000003],[19.099302951000027,52.34587798300004],[19.04712,52.33280399900008],[19.01924695400004,52.33589706400005],[19.000924200000043,52.35070722900008],[18.97264279700005,52.35714240600004],[18.972989812000037,52.373772716000076],[18.925601279000034,52.39645400100005],[18.925690994000036,52.37977567200005],[18.904980951000027,52.36510947600004],[18.843903649000026,52.346440244000064],[18.809948038000073,52.35014976000008],[18.758826817000056,52.33393537100005],[18.750709930000028,52.36136886300005],[18.71055053400005,52.39867693100007],[18.683207525000057,52.40283522500005],[18.678014863000044,52.41990145400007],[18.657493312000042,52.426510628000074],[18.64603326200006,52.44970495500007],[18.594863531000044,52.466211162000036],[18.56581456600003,52.46415490000004],[18.556312929000057,52.482322486000044],[18.528148885000064,52.497327304000066],[18.49152792900003,52.50277024500008],[18.459334048000073,52.47870770800006],[18.389603254000065,52.47333613500007],[18.378276414000027,52.50189588300003],[18.38301393300003,52.528766303000054],[18.377150500000027,52.53746349900007],[18.349954053000033,52.53860175900007],[18.332208465000065,52.51644857500003],[18.265410012000075,52.48583858100005],[18.213945789000036,52.48465212700006],[18.192696648000037,52.50261344100005],[18.101779431000068,52.51731972400006],[18.095218946000045,52.52579943400008],[18.09998332300006,52.54294942700005],[18.092049200000076,52.550119804000076],[18.053812725000057,52.54603646800007],[18.013443663000032,52.55315059800006],[17.99361947600005,52.547132728000065],[17.981282735000036,52.567066631000046],[17.914147108000066,52.58267317100007],[17.90696620600005,52.609020387000044],[17.88240084800003,52.62583072100006],[17.800077772000066,52.64671939600004],[17.772802513000045,52.640101282000046],[17.757576055000072,52.651057922000064],[17.739106308000032,52.64860057200008],[17.732649197000057,52.64180076700006],[17.73762447200005,52.62946134200007],[17.685486559000026,52.60761624400004],[17.674928717000057,52.64474915300008],[17.636454848000028,52.65459492300005],[17.640234746000033,52.68978698700005],[17.63000988600004,52.70200555000008],[17.584524634000047,52.702426624000054],[17.51135002700005,52.675899565000066],[17.474233711000068,52.686263921000034],[17.48642082500004,52.70756983800004],[17.48269635500003,52.72449269200007],[17.458523,52.73894799900006],[17.42351425000004,52.75619367200005],[17.41769473900007,52.77421517700003],[17.442336864000026,52.788601881000034],[17.484749153000053,52.78922103900004],[17.505015335000053,52.80138529300007],[17.51166205900006,52.82709848400003],[17.52196008800007,52.86693693600006],[17.510991863000072,52.92273799800006],[17.477838312000074,52.948937870000066],[17.41055658500005,52.97393944200007],[17.32435328300005,52.98036518400005],[17.31017130200007,52.99767348900008],[17.329167349000045,53.02762725200006],[17.330113763000043,53.07274049700004],[17.35133761700007,53.08986874100003],[17.358517505000066,53.123786177000056],[17.37567855100002,53.13991413700006],[17.344938334000062,53.16284018500005],[17.337695267000072,53.21064581500008],[17.409601234000036,53.23058831800006],[17.43879350000003,53.26751449900007],[17.396079346000022,53.28925284600007],[17.33645450700004,53.345618597000055],[17.263866478000068,53.36180709400003],[17.25084887500003,53.37574292100004],[17.289961085000073,53.39965954500008],[17.297522534000052,53.419959626000036],[17.383808928000064,53.47221022400004],[17.390653,53.49096399900003],[17.41695897200003,53.53579692300008],[17.425365550000038,53.57905326000008],[17.44184278800003,53.59246782200006],[17.449790548000067,53.59893830800007],[17.505494270000042,53.61022783800007],[17.52706868000007,53.59743157100007],[17.53543752400003,53.59246782200006],[17.550627360000078,53.58345838900004],[17.610485442000027,53.59136422700004],[17.664364378000073,53.57747172400008],[17.669841097000074,53.59246782200006],[17.72405554200003,53.60359906600007],[17.723327598000026,53.64103735100008],[17.76383909300006,53.68769416400005],[17.814497162000066,53.68481918400005],[17.88367917100004,53.70834890300006],[17.892174148000038,53.72263762500006],[17.887822044000075,53.748434547000045],[18.02095097800003,53.72924304400004],[18.04454650400004,53.74050188000007],[18.072036500000024,53.781074999000055],[18.112759539000024,53.765119706000064],[18.146209334000048,53.763778925000054],[18.17423562700003,53.74917054200006],[18.25582876900006,53.740845569000044]],[[19.333248686000047,52.52304425900007],[19.34680725000004,52.522388060000026],[19.339148286000068,52.53594749100006],[19.32252087200004,52.53082318700007],[19.333248686000047,52.52304425900007]]]]}},{"type":"Feature","properties":{"NUTS_ID":"PL62","NUTS_NAME":"Warmińsko-mazurskie"},"geometry":{"type":"MultiPolygon","coordinates":[[[[20.55992616900005,54.37577904700004],[20.632316701000036,54.36801690500005],[20.690982914000074,54.37184550300003],[21.002511902000037,54.353544216000046],[21.26490397500004,54.329243011000074],[21.38088318800004,54.33052431600004],[21.449844204000044,54.31919086100004],[21.559322,54.32250399900005],[21.56927044100007,54.32227345600006],[21.57697608500007,54.32544871300007],[21.63375133900007,54.32732332300003],[21.676770083000065,54.32682808700008],[21.739232,54.32970299900006],[21.823561940000047,54.33123879300007],[21.938005,54.333322999000075],[21.96852615000006,54.33277097600006],[21.98410862700007,54.33433070500007],[22.01320536000003,54.33625984000008],[22.138872500000048,54.33646599900004],[22.17930513700003,54.33765115500006],[22.22366852400006,54.34343990800005],[22.231331347000037,54.34053366300003],[22.31591226100005,54.34062073800004],[22.32487177400003,54.34408815100005],[22.38063517100005,54.34466585700005],[22.421807686000022,54.34816331700006],[22.43376582800005,54.346595715000035],[22.447865575000037,54.34866442400005],[22.473127111000053,54.34915191700003],[22.490776,54.349492499000064],[22.527272496000023,54.34928548500005],[22.571618459000035,54.35377655000008],[22.59840568900006,54.353716993000035],[22.619009431000052,54.35571267200004],[22.64788300300006,54.35407618000005],[22.67740453600004,54.359687533000056],[22.72558282500006,54.36122980700003],[22.792095500000073,54.36335899900007],[22.80006404100004,54.34632044500006],[22.785713249000025,54.33179698100008],[22.788293361000058,54.31623206800003],[22.776386200000047,54.296290283000076],[22.72558282500006,54.28466879000007],[22.697526582000023,54.27825080300005],[22.643168545000037,54.28327208500008],[22.611492292000037,54.26404430700006],[22.539243069000065,54.24829027700008],[22.48461740500005,54.20199416500003],[22.547580768000046,54.14314915800003],[22.599397015000022,54.138643459000036],[22.631453730000032,54.10284044100007],[22.605094207000036,54.07753850100005],[22.603357996000057,54.05639998500004],[22.669225093000023,54.02551878400004],[22.69896220800007,53.97369345800007],[22.72558282500006,53.95595296300007],[22.778746090000027,53.92052393100005],[22.779772497000067,53.86998109600006],[22.72917234700003,53.83221820700004],[22.72558282500006,53.80885885400005],[22.724547792000067,53.80212322500006],[22.704585386000076,53.770470816000056],[22.681803410000043,53.75769735600005],[22.629322666000064,53.75332233800003],[22.60652602500005,53.72021370600004],[22.58024217800005,53.729426526000054],[22.51593684100004,53.69959526400004],[22.475738938000063,53.69741932900007],[22.46410632900006,53.66492727000008],[22.423480642000072,53.67880339900006],[22.36564643500003,53.65694914900007],[22.328246739000065,53.63322961500006],[22.28348115800003,53.62139731500008],[22.23595457600004,53.59246782200006],[22.192794976000073,53.56619651800003],[22.135728,53.54453999900005],[22.062309120000066,53.52977550300005],[22.028664762000062,53.49930676000008],[21.991768060000027,53.519992331000026],[21.93108425400004,53.50916860700005],[21.90672760800004,53.49526886400008],[21.895967898000038,53.47221022400004],[21.890748649000045,53.46654786900007],[21.88135535400005,53.461833686000034],[21.859220810000068,53.459097116000066],[21.840592995000065,53.46147576300007],[21.823561940000047,53.465891430000056],[21.697083185000054,53.49119783900005],[21.612953,53.48083349900003],[21.56579047200006,53.48079463500005],[21.55169,53.47812799900004],[21.51629882000003,53.476685030000056],[21.48976790200004,53.47221022400004],[21.437915071000077,53.46278992100008],[21.43720243300004,53.43939184700008],[21.41683325100007,53.42941970700008],[21.351513453000052,53.416844895000054],[21.309162677000074,53.421647902000075],[21.293107919000022,53.413822449000065],[21.277099384000053,53.42449166100005],[21.245766365000065,53.417757212000026],[21.060236281000073,53.33665908800003],[20.995320451000055,53.35900803700008],[20.939301580000063,53.357494821000046],[20.914748872000075,53.34455728300003],[20.91753754700005,53.32994585300003],[20.90382908500004,53.31321673400004],[20.875794417000066,53.31896124600007],[20.846844172000033,53.295416300000056],[20.747848004000048,53.31495780000006],[20.74051012900003,53.306977148000044],[20.71936742400004,53.309425747000034],[20.694749096000066,53.299511503000076],[20.675954,53.26952949900004],[20.653906781000046,53.254251245000034],[20.61880300400003,53.25076983100007],[20.55992616900005,53.229572259000065],[20.554928003000043,53.22679160900003],[20.521112109000057,53.22550322600006],[20.502742453000053,53.23058831800006],[20.45646457600003,53.243398970000044],[20.43660152700005,53.23058831800006],[20.411137,53.21416499900005],[20.37618420900003,53.179481235000026],[20.33813667100003,53.16393405700006],[20.35125049800007,53.14916763600007],[20.299049291000074,53.14045012500003],[20.173364613000047,53.154484152000066],[20.142672220000065,53.14270879600008],[20.099047169000073,53.167122300000074],[20.029386315000067,53.14794465600005],[19.977781893000042,53.145608336000066],[19.91667084100004,53.17491490100008],[19.914488965000032,53.20214138800003],[19.899617187000047,53.20985945700005],[19.83595488700007,53.179457555000056],[19.833264378000024,53.14510744300003],[19.761595500000055,53.151796499000056],[19.74081437600006,53.201143555000044],[19.745024057000023,53.22224481000006],[19.718078844000047,53.23058831800006],[19.691041201000075,53.23896044700007],[19.687329200000022,53.258293406000064],[19.722987455000066,53.27697768000007],[19.714721852000025,53.30097249800008],[19.68887571700003,53.30765850300003],[19.685885042000052,53.334955904000026],[19.63930511500007,53.34341198900006],[19.524966721000055,53.331161810000026],[19.515579884000033,53.368052754000075],[19.487070605000042,53.36302227500005],[19.473263510000038,53.36923737500007],[19.439712241000052,53.36027241700003],[19.43602905700004,53.375256397000044],[19.39262244500003,53.392248936000044],[19.373247238000033,53.41147539900004],[19.30888387500005,53.40913996100005],[19.294583431000035,53.39110542000003],[19.278625178000027,53.39107228700004],[19.237251136000054,53.414578118000065],[19.25068765000003,53.43030593800006],[19.242437555000038,53.45324737800007],[19.227754676000075,53.45706675300005],[19.23328471800005,53.47221022400004],[19.194208660000072,53.511660825000035],[19.216119668000033,53.52794741500003],[19.208124258000055,53.54399857100003],[19.192547770000033,53.550449455000035],[19.194940534000068,53.57085956800006],[19.12927650000006,53.58826049900006],[19.132688461000043,53.59246782200006],[19.156208699000047,53.62147086400006],[19.207742968000048,53.647925333000046],[19.22182735100006,53.69481981300004],[19.29207902400003,53.74657549500006],[19.32123025900006,53.80660123300004],[19.37006251200006,53.81224007600008],[19.47890306100004,53.78926235700004],[19.490846909000027,53.80378331700007],[19.49466882200005,53.83031646900008],[19.574905881000063,53.934692548000044],[19.565169712000056,53.944902040000045],[19.522340014000065,53.94610428400006],[19.413954630000035,53.93116702200007],[19.38451129200007,53.93614599700004],[19.372079889000076,53.96129790300006],[19.38747932900003,53.999002690000054],[19.31999165700006,54.023818591000065],[19.27568190200003,54.02077139600004],[19.26597242300005,54.03347278000007],[19.27296731200005,54.04870226200006],[19.229138113000033,54.06970460000008],[19.247473055000057,54.08971015800006],[19.217688500000065,54.11612149900003],[19.252748850000046,54.14547532300003],[19.25383522000004,54.17108299400007],[19.314012467000055,54.19091843100006],[19.32382499000005,54.201322349000066],[19.298204344000055,54.24612495900004],[19.258527885000035,54.268628557000056],[19.256953,54.27846049900006],[19.379590089000033,54.26512940300006],[19.37306938000006,54.232137941000076],[19.380708473000027,54.22937231700007],[19.409502540000062,54.267945445000066],[19.498620496000058,54.31811768700004],[19.651409036000075,54.34889647000006],[19.70748301200007,54.38420645300005],[19.751140814000053,54.42887559600007],[19.803768500000047,54.44241049900006],[19.91667084100004,54.433504620000065],[20.313503,54.402201999000056],[20.55992616900005,54.37577904700004]]]]}}]}